{
  "comment": "This file is used to help set default values when using the dotnet CLI extension Amazon.ElasticBeanstalk.Tools. For more information run \"dotnet eb --help\" from the project root.",
  "profile": "deploy_aws",
  "region": "us-east-1",
  "application": "ecomFront",
  "environment": "ecomFront-dev",
  "cname": "ecomUnlamFront",
  "solution-stack": "64bit Windows Server 2016 v2.6.7 running IIS 10.0",
  "environment-type": "SingleInstance",
  "instance-profile": "aws-elasticbeanstalk-ec2-role",
  "service-role": "aws-elasticbeanstalk-service-role",
  "health-check-url": "/",
  "instance-type": "t2.micro",
  "key-pair": "",
  "iis-website": "Default Web Site",
  "app-path": "/",
  "enable-xray": false
}