604800|||0|||TUxBQlZJTDQyMjBa|||Villa Crespo|||MLA883729904|||AR-C|||Capital Federal|||24
604801|||0|||TUxBQlJFQzkyMTVa|||Recoleta|||MLA736554704|||AR-C|||Capital Federal|||24
604802|||0||||||Monserrat|||MLA875129896|||AR-C|||Capital Federal|||24
604803|||0||||||TRIBUNALES|||MLA905267988|||AR-C|||Capital Federal|||24
604804|||0|||TUxBQk7a0TcwOTRa|||Núñez|||MLA916573772|||AR-C|||Capital Federal|||24
604805|||0||||||Béccar|||MLA869923735|||AR-B|||Buenos Aires|||24
604806|||0|||TUxBQlZJTDYzNzZa|||Villa Devoto|||MLA818139508|||AR-C|||Capital Federal|||24
604807|||0|||TUxBQlBBTDI1MTVa|||Palermo|||MLA915052445|||AR-C|||Capital Federal|||24
604808|||0|||TUxBQlNBQTM3Mzda|||Saavedra|||MLA921474256|||AR-C|||Capital Federal|||24
604809|||0|||TUxBQlZJTDcwOTla|||Villa Urquiza|||MLA1100222381|||AR-C|||Capital Federal|||24
604810|||0|||TUxBQlZJTDYzNzZa|||Villa Devoto|||MLA819278091|||AR-C|||Capital Federal|||24
604811|||0||||||Villa Bosch|||MLA923909859|||AR-B|||Buenos Aires|||24
604812|||0||||||Balvanera Congreso|||MLA934953153|||AR-C|||Capital Federal|||24
604813|||0||||||Colegiales|||MLA929849259|||AR-C|||Capital Federal|||24
604814|||0||||||Béccar|||MLA885703652|||AR-B|||Buenos Aires|||24
604815|||0|||TUxBQlBBTDI1MTVa|||Palermo|||MLA910299743|||AR-C|||Capital Federal|||24
604816|||0|||TUxBQlJFQzkyMTVa|||Recoleta|||MLA736467493|||AR-C|||Capital Federal|||24
604817|||0||||||Recoleta|||MLA815003500|||AR-C|||Capital Federal|||24
604818|||0|||TUxBQlZJTDYzNzZa|||Villa Devoto|||MLA819278221|||AR-C|||Capital Federal|||24
604819|||0||||||TRIBUNALES|||MLA929601996|||AR-C|||Capital Federal|||24
604820|||0||||||Tigre|||MLA917457311|||AR-B|||Buenos Aires|||24
604821|||0||||||Tigre|||MLA883217483|||AR-B|||Buenos Aires|||24
604822|||0||||||Isidro Casanova|||MLA909614097|||AR-B|||Buenos Aires|||24
604823|||0|||TUxBQ1JPUzg1Yjg3|||Rosario|||MLA920317792|||AR-S|||Santa Fe|||24
604824|||0|||TUxBQ1FVSWI1MzY|||Quilmes|||MLA919226914|||AR-B|||Buenos Aires|||24
604825|||0|||TUxBQlZJTDQyMjFa|||Villa Ortúzar|||MLA912183026|||AR-C|||Capital Federal|||24
604826|||0||||||Olivos|||MLA882721119|||AR-B|||Buenos Aires|||24
604827|||0|||TUxBQlZJTDYzNzZa|||Villa Devoto|||MLA899511738|||AR-C|||Capital Federal|||24
604828|||0|||TUxBQkZMTzMwNzRa|||Flores|||MLA842892070|||AR-C|||Capital Federal|||24
604829|||0||||||Béccar|||MLA885710145|||AR-B|||Buenos Aires|||24
604830|||0|||TUxBQkZMTzMwNzRa|||Flores|||MLA917709331|||AR-C|||Capital Federal|||24
604831|||0|||TUxBQlZJTDYzNzZa|||Villa Devoto|||MLA863272790|||AR-C|||Capital Federal|||24
604832|||0|||TUxBQkJBUjM0MDha|||Barracas|||MLA928853579|||AR-C|||Capital Federal|||24
604833|||0||||||Villa Bosch|||MLA823703490|||AR-B|||Buenos Aires|||24
604834|||0|||TUxBQkJBTDMxMDZa|||Balvanera|||MLA925114707|||AR-C|||Capital Federal|||24
604835|||0|||TUxBQlBBTDI1MTVa|||Palermo|||MLA689594074|||AR-C|||Capital Federal|||24
604836|||0||||||Villa Bosch|||MLA925199228|||AR-B|||Buenos Aires|||24
604837|||0||||||Tribunales|||MLA911952176|||AR-C|||Capital Federal|||24
604838|||0|||TUxBQkNBQjM4MDda|||Caballito|||MLA912435619|||AR-C|||Capital Federal|||24
604839|||0|||TUxBQkJBTDMxMDZa|||Balvanera|||MLA918471240|||AR-C|||Capital Federal|||24
604840|||0|||TUxBQlBBTDI1MTVa|||Palermo|||MLA869697440|||AR-C|||Capital Federal|||24
604841|||0||||||Villa Bosch|||MLA1102370132|||AR-B|||Buenos Aires|||24
604842|||0|||TUxBQlBBTDI1MTVa|||Palermo|||MLA1106228725|||AR-C|||Capital Federal|||24
604843|||0|||TUxBQlZJTDQyMjBa|||Villa Crespo|||MLA923900892|||AR-C|||Capital Federal|||24
604844|||0||||||Ciudad Autonoma de Buenos Aires|||MLA1103084396|||AR-C|||Capital Federal|||24
604845|||0|||TUxBQlZJTDQyMjBa|||Villa Crespo|||MLA923899932|||AR-C|||Capital Federal|||24
604846|||0|||TUxBQ1FVSWI1MzY|||Quilmes|||MLA785494425|||AR-B|||Buenos Aires|||24
604847|||0|||TUxBQlBBTDI1MTVa|||Palermo|||MLA882663021|||AR-C|||Capital Federal|||24
604848|||0|||TUxBQlBBTDI1MTVa|||Palermo|||MLA711313737|||AR-C|||Capital Federal|||24
604849|||0|||TUxBQlBBTDg3MDda|||Palermo Soho|||MLA930575534|||AR-C|||Capital Federal|||24
604850|||0|||TUxBQ1FVSWI1MzY|||Quilmes|||MLA714209641|||AR-B|||Buenos Aires|||24
604851|||0||||||Villa Bosch|||MLA821595386|||AR-B|||Buenos Aires|||24
604852|||0|||TUxBQlZJTDQyMjFa|||Villa Ortúzar|||MLA912182234|||AR-C|||Capital Federal|||24
604853|||0|||TUxBQlBBTDI1MTVa|||Palermo|||MLA905125782|||AR-C|||Capital Federal|||24
604854|||0||||||Caballito|||MLA903970463|||AR-C|||Capital Federal|||24
604855|||0||||||Temperley|||MLA1105423138|||AR-B|||Buenos Aires|||24
604856|||0|||TUxBQlZJTDQyMjBa|||Villa Crespo|||MLA838800813|||AR-C|||Capital Federal|||24
604857|||0|||TUxBQlZJTDYzNzZa|||Villa Devoto|||MLA819278179|||AR-C|||Capital Federal|||24
604858|||0||||||Tigre|||MLA902673739|||AR-B|||Buenos Aires|||24
604859|||0|||TUxBQlNBQTM3Mzda|||Saavedra|||MLA930493296|||AR-C|||Capital Federal|||24
604860|||0||||||Olivos|||MLA918163002|||AR-B|||Buenos Aires|||24
604861|||0||||||Ciudad Autonoma de Buenos Aires|||MLA1103075360|||AR-C|||Capital Federal|||24
604862|||0|||TUxBQk7a0TcwOTRa|||Núñez|||MLA1102718687|||AR-C|||Capital Federal|||24
604863|||0||||||Tigre|||MLA881634991|||AR-B|||Buenos Aires|||24
604864|||0||||||Congreso|||MLA1102125454|||AR-C|||Capital Federal|||24
604865|||0|||TUxBQlZJTDQyMjFa|||Villa Ortúzar|||MLA912172201|||AR-C|||Capital Federal|||24
604866|||0||||||Liniers|||MLA909379560|||AR-C|||Capital Federal|||24
604867|||0||||||CABA|||MLA913256116|||AR-B|||Buenos Aires|||24
604868|||0|||TUxBQ1NBTjg4ZmJk|||San Isidro|||MLA837058757|||AR-B|||Buenos Aires|||24
604869|||0||||||Tigre|||MLA881635880|||AR-B|||Buenos Aires|||24
604870|||0||||||Lomas del Mirador|||MLA909383044|||AR-B|||Buenos Aires|||24
604871|||0||||||La Tablada|||MLA917063752|||AR-B|||Buenos Aires|||24
604872|||0|||TUxBQlZJTDQyMjBa|||Villa Crespo|||MLA923901622|||AR-C|||Capital Federal|||24
604873|||0|||TUxBQlZJTDE2MDBa|||Villa Pueyrredón|||MLA904849556|||AR-C|||Capital Federal|||24
604874|||0|||TUxBQkNPTDI3NDNa|||Colegiales|||MLA835107637|||AR-C|||Capital Federal|||24
604875|||0|||TUxBQlBBUjYwMzZa|||Parque Patricios|||MLA906313125|||AR-C|||Capital Federal|||24
604876|||0|||TUxBQkJBUjM0MDha|||Barracas|||MLA899413645|||AR-C|||Capital Federal|||24
604877|||0|||TUxBQkNPTDI3NDNa|||Colegiales|||MLA835107613|||AR-C|||Capital Federal|||24
604878|||0|||TUxBQlJFQzkyMTVa|||Recoleta|||MLA928054359|||AR-C|||Capital Federal|||24
604879|||0|||TUxBQ0NBUGNiZGQx|||Córdoba|||MLA886273882|||AR-X|||Córdoba|||24
604880|||0|||TUxBQlZJTDQyMjFa|||Villa Ortúzar|||MLA912180362|||AR-C|||Capital Federal|||24
604881|||0|||TUxBQlZJTDQyMjBa|||Villa Crespo|||MLA838802709|||AR-C|||Capital Federal|||24
604882|||0|||TUxBQlBBTDI1MTVa|||Palermo|||MLA863034047|||AR-C|||Capital Federal|||24
604883|||0||||||Villa Dominico|||MLA853424174|||AR-B|||Buenos Aires|||24
604884|||0|||TUxBQkJBTDMxMDZa|||Balvanera|||MLA918601215|||AR-C|||Capital Federal|||24
604885|||0|||TUxBQkNBQjM4MDda|||Caballito|||MLA930611049|||AR-C|||Capital Federal|||24
604886|||0|||TUxBQlBBTDI1MTVa|||Palermo|||MLA905126155|||AR-C|||Capital Federal|||24
604887|||0|||TUxBQkNBQjM4MDda|||Caballito|||MLA898002312|||AR-C|||Capital Federal|||24
604888|||0|||TUxBQlZJTDQyMjBa|||Villa Crespo|||MLA917076319|||AR-C|||Capital Federal|||24
604889|||0|||TUxBQlZJTDc4MDda|||Villa del Parque|||MLA790978016|||AR-C|||Capital Federal|||24
604890|||0||||||Villa Dominico|||MLA886283824|||AR-B|||Buenos Aires|||24
604891|||0|||TUxBQ0NBUGNiZGQx|||Córdoba|||MLA814244700|||AR-X|||Córdoba|||24
604892|||0||||||Caballito|||MLA903998026|||AR-C|||Capital Federal|||24
604893|||0||||||Caballito|||MLA903993661|||AR-C|||Capital Federal|||24
604894|||0|||TUxBQ0NBUGNiZGQx|||Córdoba|||MLA1104745903|||AR-X|||Córdoba|||24
604895|||0|||TUxBQkJBTDMxMDZa|||Balvanera|||MLA925604075|||AR-C|||Capital Federal|||24
604896|||0|||TUxBQlBBTDI1MTVa|||Palermo|||MLA901912718|||AR-C|||Capital Federal|||24
604897|||0||||||CABA|||MLA926572449|||AR-B|||Buenos Aires|||24
604898|||0||||||Béccar|||MLA1102291223|||AR-B|||Buenos Aires|||24
604899|||0||||||Béccar|||MLA1102236097|||AR-B|||Buenos Aires|||24
604900|||0|||TUxBQkJBUjM0MDha|||Barracas|||MLA899413611|||AR-C|||Capital Federal|||24
604901|||0|||TUxBQlZJTDQyMjBa|||Villa Crespo|||MLA897570971|||AR-C|||Capital Federal|||24
604902|||0||||||Almagro|||MLA932928148|||AR-C|||Capital Federal|||24
604903|||0|||TUxBQlZJTDQyMjBa|||Villa Crespo|||MLA917077179|||AR-C|||Capital Federal|||24
604904|||0||||||Ciudadela|||MLA925819221|||AR-B|||Buenos Aires|||24
604905|||0||||||Caballito|||MLA903975961|||AR-C|||Capital Federal|||24
604906|||0||||||caba|||MLA935305851|||AR-B|||Buenos Aires|||24
604907|||0||||||Florida|||MLA1103900455|||AR-B|||Buenos Aires|||24
604908|||0||||||CABA|||MLA934569833|||AR-B|||Buenos Aires|||24
604909|||0||||||La Tablada|||MLA897607888|||AR-B|||Buenos Aires|||24
604910|||0||||||Ciudad Autonoma de Buenos Aires|||MLA1102677468|||AR-C|||Capital Federal|||24
604911|||0||||||Ciudad Autonoma de Buenos Aires|||MLA1103030220|||AR-C|||Capital Federal|||24
604912|||0|||TUxBQkNBQjM4MDda|||Caballito|||MLA903818356|||AR-C|||Capital Federal|||24
604913|||0|||TUxBQkJBTDMxMDZa|||Balvanera|||MLA935247457|||AR-C|||Capital Federal|||24
604914|||0|||TUxBQkJBTDMxMDZa|||Balvanera|||MLA935241231|||AR-C|||Capital Federal|||24
604915|||0|||TUxBQkJBTDMxMDZa|||Balvanera|||MLA935247565|||AR-C|||Capital Federal|||24
604916|||0|||TUxBQlZJTDQyMjBa|||Villa Crespo|||MLA832703520|||AR-C|||Capital Federal|||24
604917|||0|||TUxBQkJBTDMxMDZa|||Balvanera|||MLA935242291|||AR-C|||Capital Federal|||24
604918|||0|||TUxBQlZJTDQyMjBa|||Villa Crespo|||MLA1102494483|||AR-C|||Capital Federal|||24
604919|||0|||TUxBQkNBQjM4MDda|||Caballito|||MLA1103433214|||AR-C|||Capital Federal|||24
604920|||0|||TUxBQ01PUmI1NTBj|||Morón|||MLA933954185|||AR-B|||Buenos Aires|||24
604921|||0|||TUxBQkNBQjM4MDda|||Caballito|||MLA932957736|||AR-C|||Capital Federal|||24
604922|||0|||TUxBQkJBTDMxMDZa|||Balvanera|||MLA935243794|||AR-C|||Capital Federal|||24
604923|||0||||||Temperley|||MLA919234446|||AR-B|||Buenos Aires|||24
604924|||0|||TUxBQkJBTDMxMDZa|||Balvanera|||MLA935245447|||AR-C|||Capital Federal|||24
604925|||0|||TUxBQkNBQjM4MDda|||Caballito|||MLA930613843|||AR-C|||Capital Federal|||24
604926|||0|||TUxBQkNBQjM4MDda|||Caballito|||MLA832074403|||AR-C|||Capital Federal|||24
604927|||0|||TUxBQ1FVSWI1MzY|||Quilmes|||MLA884058986|||AR-B|||Buenos Aires|||24
604928|||0|||TUxBQ0dFTjY4NTg|||General Rodríguez|||MLA901542770|||AR-B|||Buenos Aires|||24
604929|||0||||||Villa Bosch|||MLA1102344160|||AR-B|||Buenos Aires|||24
604930|||0|||TUxBQk1BVDMwMDJa|||Mataderos|||MLA909382131|||AR-C|||Capital Federal|||24
604931|||0|||TUxBQkJFTDcyNTJa|||Belgrano|||MLA926219942|||AR-C|||Capital Federal|||24
604932|||0|||TUxBQlNBTjkwNTZa|||San Cristóbal|||MLA924202738|||AR-C|||Capital Federal|||24
604933|||0|||TUxBQlBBUjYwMzZa|||Parque Patricios|||MLA906312977|||AR-C|||Capital Federal|||24
604934|||0|||TUxBQlZJTDQyMjBa|||Villa Crespo|||MLA897571244|||AR-C|||Capital Federal|||24
604935|||0|||TUxBQkNBQjM4MDda|||Caballito|||MLA1103488831|||AR-C|||Capital Federal|||24
604936|||0||||||Capital Federal|||MLA900041447|||AR-C|||Capital Federal|||24
604937|||0||||||Congreso|||MLA935920533|||AR-C|||Capital Federal|||24
604938|||0|||TUxBQ0NBUGNiZGQx|||Córdoba|||MLA1103030584|||AR-X|||Córdoba|||24
604939|||0|||TUxBQ1JPUzg1Yjg3|||Rosario|||MLA1105608973|||AR-S|||Santa Fe|||24
604940|||0||||||Tribunales|||MLA932590444|||AR-C|||Capital Federal|||24
604941|||0|||TUxBQ0xPTWMwNjk3|||Lomas de Zamora|||MLA1104832400|||AR-B|||Buenos Aires|||24
604942|||0||||||Ciudadela|||MLA925818702|||AR-B|||Buenos Aires|||24
604943|||0|||TUxBQ0NBUGNiZGQx|||Córdoba|||MLA925722071|||AR-X|||Córdoba|||24
604944|||0|||TUxBQ0NBUGNiZGQx|||Córdoba|||MLA925923286|||AR-X|||Córdoba|||24
604945|||0|||TUxBQ0NBUGNiZGQx|||Córdoba|||MLA925920942|||AR-X|||Córdoba|||24
604946|||0||||||Nunez|||MLA832928928|||AR-C|||Capital Federal|||24
604947|||0|||TUxBQ0xBUGxhdGE|||La Plata|||MLA927539838|||AR-B|||Buenos Aires|||24
604948|||0||||||C.A.B.A.|||MLA898551713|||AR-C|||Capital Federal|||24
604949|||0||||||Béccar|||MLA1102387640|||AR-B|||Buenos Aires|||24
604950|||0||||||C.A.B.A.|||MLA898551634|||AR-C|||Capital Federal|||24
604951|||0||||||Colegiales|||MLA929851120|||AR-C|||Capital Federal|||24
604952|||0|||TUxBQkZMTzMwNzRa|||Flores|||MLA842141813|||AR-C|||Capital Federal|||24
604953|||0|||TUxBQkJPRTQ0OTRa|||Boedo|||MLA929015263|||AR-C|||Capital Federal|||24
604954|||0|||TUxBQkJFTDcyNTJa|||Belgrano|||MLA905645487|||AR-C|||Capital Federal|||24
604955|||0|||TUxBQ0JBSDI0OTNk|||Bahía Blanca|||MLA886077848|||AR-B|||Buenos Aires|||24
604956|||0|||TUxBQlJFQzkyMTVa|||Recoleta|||MLA1101319741|||AR-C|||Capital Federal|||24
604957|||0||||||Béccar|||MLA865683066|||AR-B|||Buenos Aires|||24
604958|||0|||TUxBQlZJTDE2MDBa|||Villa Pueyrredón|||MLA932432968|||AR-C|||Capital Federal|||24
604959|||0|||TUxBQlJFQzkyMTVa|||Recoleta|||MLA1101944335|||AR-C|||Capital Federal|||24
604960|||0||||||Ciudad de bs. as.|||MLA1101521645|||AR-C|||Capital Federal|||24
604961|||0|||TUxBQlZJTDE2MDBa|||Villa Pueyrredón|||MLA932431784|||AR-C|||Capital Federal|||24
604962|||0|||TUxBQkZMTzMwNzRa|||Flores|||MLA1100558022|||AR-C|||Capital Federal|||24
604963|||0|||TUxBQ0NBUGNiZGQx|||Córdoba|||MLA930869803|||AR-X|||Córdoba|||24
604964|||0||||||Nordelta rincon de milberg|||MLA871345867|||AR-B|||Buenos Aires|||24
604965|||0||||||CAPITAL|||MLA905766441|||AR-C|||Capital Federal|||24
604966|||0||||||Castelar|||MLA881053247|||AR-B|||Buenos Aires|||24
604967|||0|||TUxBQ0xBUGxhdGE|||La Plata|||MLA1105835099|||AR-B|||Buenos Aires|||24
604968|||0||||||Rincón de Milberg|||MLA935861044|||AR-B|||Buenos Aires|||24
604969|||0|||TUxBQkxJTjEzNTha|||Liniers|||MLA1106407238|||AR-C|||Capital Federal|||24
604970|||0|||TUxBQkNBQjM4MDda|||Caballito|||MLA934222277|||AR-C|||Capital Federal|||24
