604650|||0|||TUxBQlZJTDQyMjBa|||Villa Crespo|||MLA905619849|||AR-C|||Capital Federal|||5
604651|||0|||TUxBQlZJTDQyMjBa|||Villa Crespo|||MLA902122706|||AR-C|||Capital Federal|||5
604652|||0|||TUxBQk7a0TcwOTRa|||Núñez|||MLA905255454|||AR-C|||Capital Federal|||5
604653|||0||||||Vicente López|||MLA927282806|||AR-B|||Buenos Aires|||5
604654|||0||||||Martinez|||MLA886744525|||AR-B|||Buenos Aires|||5
604655|||0||||||Balvanera|||MLA922350769|||AR-C|||Capital Federal|||5
604656|||0||||||Belgrano|||MLA927666501|||AR-C|||Capital Federal|||5
604657|||0|||TUxBQlJFQzkyMTVa|||Recoleta|||MLA917835324|||AR-C|||Capital Federal|||5
604658|||0|||TUxBQlZJTDc4MDda|||Villa del Parque|||MLA923375917|||AR-C|||Capital Federal|||5
604659|||0||||||Belgrano|||MLA927670292|||AR-C|||Capital Federal|||5
604660|||0||||||Recoleta|||MLA865554692|||AR-C|||Capital Federal|||5
604661|||0||||||CABA|||MLA909994145|||AR-C|||Capital Federal|||5
604662|||0|||TUxBQkNBQjM4MDda|||Caballito|||MLA901594116|||AR-C|||Capital Federal|||5
604663|||0||||||Recoleta|||MLA898135279|||AR-C|||Capital Federal|||5
604664|||0|||TUxBQ1ZJQ2E3MTQz|||Vicente López|||MLA913115131|||AR-B|||Buenos Aires|||5
604665|||0||||||Belgrano|||MLA927664651|||AR-C|||Capital Federal|||5
604666|||0|||TUxBQ0dFTmVyYWxz|||General San Martín|||MLA926841185|||AR-B|||Buenos Aires|||5
604667|||0||||||Morón|||MLA922716111|||AR-B|||Buenos Aires|||5
604668|||0|||TUxBQkJFTDk4MDRa|||Belgrano C|||MLA899794136|||AR-C|||Capital Federal|||5
604669|||0|||TUxBQk7a0TcwOTRa|||Núñez|||MLA905256242|||AR-C|||Capital Federal|||5
604670|||0||||||Capital federal|||MLA884296398|||AR-C|||Capital Federal|||5
604671|||0||||||Belgrano|||MLA795494675|||AR-C|||Capital Federal|||5
604672|||0|||TUxBQkJFTDcyNTJa|||Belgrano|||MLA926729647|||AR-C|||Capital Federal|||5
604673|||0|||TUxBQlBBTDI1MTVa|||Palermo|||MLA919496715|||AR-C|||Capital Federal|||5
604674|||0|||TUxBQkxJTjEzNTha|||Liniers|||MLA910129424|||AR-C|||Capital Federal|||5
604675|||0|||TUxBQlBBTDI1MTVa|||Palermo|||MLA880316517|||AR-C|||Capital Federal|||5
604676|||0||||||beccar|||MLA926448634|||AR-B|||Buenos Aires|||5
604677|||0|||TUxBQkFMTTMwNTBa|||Almagro|||MLA916712242|||AR-C|||Capital Federal|||5
604678|||0|||TUxBQkFMTTMwNTBa|||Almagro|||MLA926524269|||AR-C|||Capital Federal|||5
604679|||0||||||Villa Rosa|||MLA900919457|||AR-B|||Buenos Aires|||5
604680|||0|||TUxBQlZJTDc4MDda|||Villa del Parque|||MLA923390349|||AR-C|||Capital Federal|||5
604681|||0|||TUxBQkJFTDcyNTJa|||Belgrano|||MLA923939787|||AR-C|||Capital Federal|||5
604682|||0||||||Valentin Alsina|||MLA921578267|||AR-B|||Buenos Aires|||5
604683|||0|||TUxBQ0hVUmxpbmdo|||Hurlingham|||MLA853650712|||AR-B|||Buenos Aires|||5
604684|||0|||TUxBQkJFTDcyNTJa|||Belgrano|||MLA914618858|||AR-C|||Capital Federal|||5
604685|||0||||||Buenos Aires|||MLA921235754|||AR-C|||Capital Federal|||5
604686|||0|||TUxBQlBBTDI1MTVa|||Palermo|||MLA923612899|||AR-C|||Capital Federal|||5
604687|||0|||TUxBQlBBTDI1MTVa|||Palermo|||MLA906964801|||AR-C|||Capital Federal|||5
604688|||0||||||CABA|||MLA922035130|||AR-C|||Capital Federal|||5
604689|||0||||||san nicolas|||MLA914605391|||AR-C|||Capital Federal|||5
604690|||0||||||CABA|||MLA923081399|||AR-C|||Capital Federal|||5
604691|||0||||||Martínez|||MLA923971244|||AR-B|||Buenos Aires|||5
604692|||0|||TUxBQk1BVDMwMDJa|||Mataderos|||MLA827019976|||AR-C|||Capital Federal|||5
604693|||0|||TUxBQlZJTDI3MDJa|||Villa Luro|||MLA913484892|||AR-C|||Capital Federal|||5
604694|||0||||||Versalles|||MLA911204267|||AR-C|||Capital Federal|||5
604695|||0||||||Núñez|||MLA924614769|||AR-C|||Capital Federal|||5
604696|||0|||TUxBQlZJTDYzNzZa|||Villa Devoto|||MLA920035470|||AR-C|||Capital Federal|||5
604697|||0|||TUxBQkJFTDkwNjNa|||Belgrano Barrancas|||MLA917094784|||AR-C|||Capital Federal|||5
604698|||0||||||Buenos aires|||MLA919901998|||AR-C|||Capital Federal|||5
604699|||0||||||Caba|||MLA866415344|||AR-C|||Capital Federal|||5
604700|||0|||TUxBQlBBTDI1MTVa|||Palermo|||MLA898283106|||AR-C|||Capital Federal|||5
604701|||0||||||caba|||MLA886693980|||AR-B|||Buenos Aires|||5
604702|||0|||TUxBQ1NBTjg4ZmJk|||San Isidro|||MLA873002576|||AR-B|||Buenos Aires|||5
604703|||0||||||Belgrano|||MLA795098791|||AR-C|||Capital Federal|||5
604704|||0|||TUxBQkJFTDcyNTJa|||Belgrano|||MLA905209918|||AR-C|||Capital Federal|||5
604705|||0||||||BENAVIDEZ|||MLA898856460|||AR-B|||Buenos Aires|||5
604706|||0|||TUxBQkNBQjM4MDda|||Caballito|||MLA915783915|||AR-C|||Capital Federal|||5
604707|||0|||TUxBQlBBTDI1MTVa|||Palermo|||MLA926926478|||AR-C|||Capital Federal|||5
604708|||0|||TUxBQ0VaRWl6YQ|||Ezeiza|||MLA912301249|||AR-B|||Buenos Aires|||5
604709|||0|||TUxBQ0FWRTc5OTQ1|||Avellaneda|||MLA922512792|||AR-B|||Buenos Aires|||5
604710|||0|||TUxBQlBBTDI1MTVa|||Palermo|||MLA925396755|||AR-C|||Capital Federal|||5
604711|||0|||TUxBQlBBTDI1MTVa|||Palermo|||MLA925396790|||AR-C|||Capital Federal|||5
604712|||0|||TUxBQkFMTTMwNTBa|||Almagro|||MLA917283936|||AR-C|||Capital Federal|||5
604713|||0|||TUxBQlNBTjgxMzNa|||San Telmo|||MLA876141088|||AR-C|||Capital Federal|||5
604714|||0||||||Villa Crespo|||MLA883460261|||AR-C|||Capital Federal|||5
604715|||0||||||Villa Ortuzar|||MLA905152250|||AR-C|||Capital Federal|||5
604716|||0||||||microcentro|||MLA908243282|||AR-C|||Capital Federal|||5
604717|||0|||TUxBQkNBQjM4MDda|||Caballito|||MLA910014309|||AR-C|||Capital Federal|||5
604718|||0||||||Beccar|||MLA918824067|||AR-B|||Buenos Aires|||5
604719|||0|||TUxBQlBBTDI1MTVa|||Palermo|||MLA919620414|||AR-C|||Capital Federal|||5
604720|||0||||||Saenzpeña|||MLA926575120|||AR-B|||Buenos Aires|||5
604721|||0|||TUxBQk1BVDMwMDJa|||Mataderos|||MLA914337060|||AR-C|||Capital Federal|||5
604722|||0||||||Capital federal|||MLA878537599|||AR-C|||Capital Federal|||5
604723|||0|||TUxBQ0hVUmxpbmdo|||Hurlingham|||MLA912173876|||AR-B|||Buenos Aires|||5
604724|||0|||TUxBQlZJTDQyMjBa|||Villa Crespo|||MLA927752534|||AR-C|||Capital Federal|||5
604725|||0|||TUxBQlZJTDQyMjBa|||Villa Crespo|||MLA908138311|||AR-C|||Capital Federal|||5
604726|||0||||||Belgrano|||MLA795729626|||AR-C|||Capital Federal|||5
604727|||0|||TUxBQkNPTDI3NDNa|||Colegiales|||MLA871223384|||AR-C|||Capital Federal|||5
604728|||0||||||Belgrano|||MLA795098537|||AR-C|||Capital Federal|||5
604729|||0||||||Villa ballester|||MLA927593383|||AR-B|||Buenos Aires|||5
604730|||0|||TUxBQkNBQjM4MDda|||Caballito|||MLA925137936|||AR-C|||Capital Federal|||5
604731|||0||||||Liniers|||MLA927619334|||AR-C|||Capital Federal|||5
604732|||0||||||Florida Oeste|||MLA901811941|||AR-B|||Buenos Aires|||5
604733|||0|||TUxBQlBBUjUyOTZa|||Parque Chacabuco|||MLA877192851|||AR-C|||Capital Federal|||5
604734|||0|||TUxBQlBBTDI1MTVa|||Palermo|||MLA916397846|||AR-C|||Capital Federal|||5
604735|||0|||TUxBQ0xBUGxhdGE|||La Plata|||MLA910910290|||AR-B|||Buenos Aires|||5
604736|||0|||TUxBQ0NBUGNiZGQx|||Córdoba|||MLA927587109|||AR-X|||Córdoba|||5
604737|||0|||TUxBQlNBTjgzMjRa|||San Nicolás|||MLA922203935|||AR-C|||Capital Federal|||5
604738|||0|||TUxBQ1NBTm1pZ3VlbA|||San Miguel|||MLA924812384|||AR-B|||Buenos Aires|||5
604739|||0|||TUxBQkZMTzMwNzRa|||Flores|||MLA928121984|||AR-C|||Capital Federal|||5
604740|||0|||TUxBQlZJTDE2MDBa|||Villa Pueyrredón|||MLA920903182|||AR-C|||Capital Federal|||5
604741|||0|||TUxBQ1ZJQ2E3MTQz|||Vicente López|||MLA913896962|||AR-B|||Buenos Aires|||5
604742|||0|||TUxBQ0RBSTUyMjg|||Daireaux|||MLA916049069|||AR-B|||Buenos Aires|||5
604743|||0||||||Palermo Hollywood|||MLA915941291|||AR-C|||Capital Federal|||5
604744|||0|||TUxBQlBBVDI0ODFa|||Paternal|||MLA911518723|||AR-C|||Capital Federal|||5
604745|||0|||TUxBQkJBTDMxMDZa|||Balvanera|||MLA909276539|||AR-C|||Capital Federal|||5
604746|||0||||||Villa Ballester|||MLA898437318|||AR-B|||Buenos Aires|||5
604747|||0||||||Manuel Alberti|||MLA915775759|||AR-B|||Buenos Aires|||5
604748|||0||||||Pilar|||MLA918861674|||AR-B|||Buenos Aires|||5
604749|||0|||TUxBQkZMTzMwNzRa|||Flores|||MLA903374286|||AR-C|||Capital Federal|||5
604750|||0|||TUxBQlZJTDQyMjBa|||Villa Crespo|||MLA920724275|||AR-C|||Capital Federal|||5
604751|||0||||||Villa Luzuriaga|||MLA925915107|||AR-B|||Buenos Aires|||5
604752|||0||||||Pilar|||MLA920126254|||AR-B|||Buenos Aires|||5
604753|||0|||TUxBQkNPTDI3NDNa|||Colegiales|||MLA873694865|||AR-C|||Capital Federal|||5
604754|||0||||||Lanus|||MLA908404043|||AR-B|||Buenos Aires|||5
604755|||0|||TUxBQlZJTDE2MDBa|||Villa Pueyrredón|||MLA920900943|||AR-C|||Capital Federal|||5
604756|||0||||||Caballito|||MLA872429762|||AR-C|||Capital Federal|||5
604757|||0|||TUxBQlBBTDI1MTVa|||Palermo|||MLA907880424|||AR-C|||Capital Federal|||5
604758|||0|||TUxBQkJFTDcyNTJa|||Belgrano|||MLA919314466|||AR-C|||Capital Federal|||5
604759|||0|||TUxBQkNBQjM4MDda|||Caballito|||MLA919761713|||AR-C|||Capital Federal|||5
604760|||0||||||Caballito|||MLA872431228|||AR-C|||Capital Federal|||5
604761|||0|||TUxBQkJFTDcyNTJa|||Belgrano|||MLA919671051|||AR-C|||Capital Federal|||5
604762|||0|||TUxBQlBBTDI1MTVa|||Palermo|||MLA922364801|||AR-C|||Capital Federal|||5
604763|||0|||TUxBQ0FWRTc5OTQ1|||Avellaneda|||MLA912114226|||AR-B|||Buenos Aires|||5
604764|||0||||||Grand Bourg|||MLA927974852|||AR-B|||Buenos Aires|||5
604765|||0||||||Grand Bourg|||MLA927972717|||AR-B|||Buenos Aires|||5
604766|||0||||||Munro|||MLA927638079|||AR-B|||Buenos Aires|||5
604767|||0||||||Grand Bourg|||MLA927982757|||AR-B|||Buenos Aires|||5
604768|||0||||||Grand Bourg|||MLA927984021|||AR-B|||Buenos Aires|||5
604769|||0||||||Yerba Buena|||MLA911336795|||AR-T|||Tucumán|||5
604770|||0||||||Ituzaingó|||MLA923583233|||AR-B|||Buenos Aires|||5
604771|||0|||TUxBQkJBTDMxMDZa|||Balvanera|||MLA911989119|||AR-C|||Capital Federal|||5
604772|||0||||||Mocoreta|||MLA925395543|||AR-W|||Corrientes|||5
604773|||0||||||Belgrano|||MLA795726762|||AR-C|||Capital Federal|||5
604774|||0|||TUxBQ1ZJQ2E3MTQz|||Vicente López|||MLA914403173|||AR-B|||Buenos Aires|||5
604775|||0||||||capital federal|||MLA879599797|||AR-C|||Capital Federal|||5
604776|||0||||||san antonio de padua|||MLA874857602|||AR-B|||Buenos Aires|||5
604777|||0|||QVItQkJvdWxvZ25l|||Boulogne|||MLA912565823|||AR-B|||Buenos Aires|||5
604778|||0|||TUxBQ01PUmI1NTBj|||Morón|||MLA901528636|||AR-B|||Buenos Aires|||5
604779|||0|||TUxBQlJFQzkyMTVa|||Recoleta|||MLA911109184|||AR-C|||Capital Federal|||5
604780|||0||||||Viedma|||MLA912707839|||AR-R|||Río Negro|||5
604781|||0||||||Claypole|||MLA921690682|||AR-B|||Buenos Aires|||5
604782|||0|||TUxBQlNBTjgzMjRa|||San Nicolás|||MLA909127836|||AR-C|||Capital Federal|||5
604783|||0|||TUxBQlZJTDYzNzZa|||Villa Devoto|||MLA904105428|||AR-C|||Capital Federal|||5
604784|||0||||||Loma Hermosa|||MLA907552531|||AR-B|||Buenos Aires|||5
604785|||0||||||Buenos Aires-CABA|||MLA925900557|||AR-C|||Capital Federal|||5
604786|||0|||TUxBQlBBUjYwMzZa|||Parque Patricios|||MLA906348413|||AR-C|||Capital Federal|||5
604787|||0|||TUxBQ1RJRzk0ZjQw|||Tigre|||MLA927251981|||AR-B|||Buenos Aires|||5
604788|||0||||||Yerba Buena|||MLA912680349|||AR-T|||Tucumán|||5
604789|||0|||QVItQkNhc3RlbGFy|||Castelar|||MLA915850946|||AR-B|||Buenos Aires|||5
604790|||0||||||Don Torcuato|||MLA916186119|||AR-B|||Buenos Aires|||5
604791|||0|||TUxBQlNBTjgzMjRa|||San Nicolás|||MLA922205990|||AR-C|||Capital Federal|||5
604792|||0||||||JM Gutierrez|||MLA910424351|||AR-B|||Buenos Aires|||5
604793|||0||||||Ituzaingo|||MLA882231656|||AR-B|||Buenos Aires|||5
604794|||0||||||Buenos Aires-CABA|||MLA923090117|||AR-C|||Capital Federal|||5
604795|||0|||TUxBQ1RJRzk0ZjQw|||Tigre|||MLA921105268|||AR-B|||Buenos Aires|||5
604796|||0||||||Haedo|||MLA921847181|||AR-B|||Buenos Aires|||5
604797|||0||||||Buenos Aires-CABA|||MLA923090117|||AR-C|||Capital Federal|||5
604798|||0|||TUxBQ1RJRzk0ZjQw|||Tigre|||MLA921105268|||AR-B|||Buenos Aires|||5
604799|||0||||||Haedo|||MLA921847181|||AR-B|||Buenos Aires|||5
604800|||0||||||La Plata|||MLA866960411|||AR-B|||Buenos Aires|||5
604801|||0|||TUxBQ0NBUzE3NTU5Mg|||Caseros|||MLA918853658|||AR-B|||Buenos Aires|||5
604802|||0||||||San Jaime De La Frontera|||MLA895927634|||AR-E|||Entre Ríos|||5
604803|||0||||||palermo|||MLA918564351|||AR-C|||Capital Federal|||5
604804|||0||||||Capital federal|||MLA919682573|||AR-C|||Capital Federal|||5
604805|||0||||||Martínez|||MLA876213915|||AR-B|||Buenos Aires|||5
604806|||0||||||Buenos Aires|||MLA918604624|||AR-C|||Capital Federal|||5
604807|||0||||||Billinghurst|||MLA923972164|||AR-B|||Buenos Aires|||5
604808|||0||||||Cipolletti|||MLA924204341|||AR-R|||Río Negro|||5
604809|||0||||||San Justo|||MLA921765664|||AR-B|||Buenos Aires|||5
604810|||0||||||Coghlan|||MLA914798910|||AR-C|||Capital Federal|||5
604811|||0|||TUxBQlBBUjUyOTZa|||Parque Chacabuco|||MLA921394561|||AR-C|||Capital Federal|||5
604812|||0||||||Gregorio de Laferrere|||MLA927632703|||AR-B|||Buenos Aires|||5
604813|||0|||TUxBQkJFTDcyNTJa|||Belgrano|||MLA908275063|||AR-C|||Capital Federal|||5
604814|||0||||||Turdera|||MLA925714132|||AR-B|||Buenos Aires|||5
604815|||0|||TUxBQ1RJRzk0ZjQw|||Tigre|||MLA923616126|||AR-B|||Buenos Aires|||5
604816|||0||||||Ramos Mejía|||MLA925543361|||AR-B|||Buenos Aires|||5
604817|||0||||||Villa Pueyrredon|||MLA925397629|||AR-C|||Capital Federal|||5
604818|||0|||TUxBQ0NBUGNiZGQx|||Córdoba|||MLA909812148|||AR-X|||Córdoba|||5
604819|||0||||||Vicente Lopez|||MLA913820789|||AR-B|||Buenos Aires|||5
604820|||0||||||bs as|||MLA924376396|||AR-B|||Buenos Aires|||5
604821|||0||||||bs as|||MLA924376756|||AR-B|||Buenos Aires|||5
604822|||0||||||Quilmes Oeste|||MLA875701219|||AR-B|||Buenos Aires|||5
604823|||0|||TUxBQ0NBUGNiZGQx|||Córdoba|||MLA912796349|||AR-X|||Córdoba|||5
604824|||0||||||Mataderos|||MLA923096842|||AR-C|||Capital Federal|||5
604825|||0||||||Hurlingham|||MLA908688118|||AR-B|||Buenos Aires|||5
604826|||0|||TUxBQkJPRTQ0OTRa|||Boedo|||MLA917134097|||AR-C|||Capital Federal|||5
604827|||0|||TUxBQ01PUmI1NTBj|||Morón|||MLA874630138|||AR-B|||Buenos Aires|||5
604828|||0||||||San Jaime De La Frontera|||MLA922127673|||AR-E|||Entre Ríos|||5
604829|||0||||||Ramos Mejia|||MLA874386049|||AR-B|||Buenos Aires|||5
604830|||0|||TUxBQ0xPTWMwNjk3|||Lomas de Zamora|||MLA911439259|||AR-B|||Buenos Aires|||5
604831|||0||||||Capital|||MLA912597682|||AR-G|||Santiago del Estero|||5
604832|||0||||||Martínez|||MLA925727083|||AR-B|||Buenos Aires|||5
604833|||0|||TUxBQ0NPTmVkMzRm|||Concordia|||MLA927792283|||AR-E|||Entre Ríos|||5
604834|||0|||TUxBQkNPRzY5MTZa|||Coghlan|||MLA906914945|||AR-C|||Capital Federal|||5
604835|||0||||||Capital Federal|||MLA926859527|||AR-C|||Capital Federal|||5
604836|||0||||||Presidente Derqui- Pilar|||MLA921459232|||AR-B|||Buenos Aires|||5
604837|||0||||||AlmiranteBrown|||MLA915120791|||AR-B|||Buenos Aires|||5
604838|||0|||TUxBQlZJTDc4MDda|||Villa del Parque|||MLA910484669|||AR-C|||Capital Federal|||5
604839|||0||||||nuñez|||MLA927465633|||AR-C|||Capital Federal|||5
604840|||0|||TUxBQlZJTDcwOTla|||Villa Urquiza|||MLA918577500|||AR-C|||Capital Federal|||5
604841|||0||||||Palermo|||MLA914259052|||AR-C|||Capital Federal|||5
604842|||0||||||Ciudadela|||MLA885372401|||AR-B|||Buenos Aires|||5
604843|||0|||TUxBQlNBQTM3Mzda|||Saavedra|||MLA913611672|||AR-C|||Capital Federal|||5
604844|||0||||||Castelar|||MLA842011747|||AR-B|||Buenos Aires|||5
604845|||0||||||Garín|||MLA917830212|||AR-B|||Buenos Aires|||5
604846|||0|||TUxBQ0NBUDFmNDY3|||Mendoza|||MLA904211909|||AR-M|||Mendoza|||5
604847|||0||||||Muñiz|||MLA908462229|||AR-B|||Buenos Aires|||5
604848|||0|||QVItQ0JhcnJpbyBOb3J0ZQ|||Barrio Norte|||MLA913820357|||AR-C|||Capital Federal|||5
604849|||0||||||CABA|||MLA922222810|||AR-C|||Capital Federal|||5
604850|||0||||||Belgrano|||MLA795502982|||AR-C|||Capital Federal|||5
604851|||0||||||Capital|||MLA908331615|||AR-C|||Capital Federal|||5
604852|||0||||||Castelar|||MLA923801147|||AR-B|||Buenos Aires|||5
604853|||0|||TUxBQkNBQjM4MDda|||Caballito|||MLA901503166|||AR-C|||Capital Federal|||5
604854|||0|||TUxBQkZMTzMwNzRa|||Flores|||MLA927889501|||AR-C|||Capital Federal|||5
604855|||0||||||La Plata|||MLA907193302|||AR-B|||Buenos Aires|||5
604856|||0|||TUxBQ0JFUjYyYWU3|||Berazategui|||MLA867404257|||AR-B|||Buenos Aires|||5
604857|||0||||||Manuel Alberti|||MLA923741805|||AR-B|||Buenos Aires|||5
604858|||0||||||Puerto Madryn|||MLA919521191|||AR-U|||Chubut|||5
604859|||0|||TUxBQlZJTDQyMjFa|||Villa Ortúzar|||MLA909132021|||AR-C|||Capital Federal|||5
604860|||0|||TUxBQ1NBTjM1MDlk|||San Salvador de Jujuy|||MLA907184989|||AR-Y|||Jujuy|||5
604861|||0||||||Capital Federal|||MLA927576106|||AR-B|||Buenos Aires|||5
604862|||0|||TUxBQ0NBUzE3NTU5Mg|||Caseros|||MLA912393901|||AR-B|||Buenos Aires|||5
604863|||0|||TUxBQlZJTDE2MDBa|||Villa Pueyrredón|||MLA861356246|||AR-C|||Capital Federal|||5
604864|||0||||||Acassuso|||MLA907795349|||AR-B|||Buenos Aires|||5
604865|||0||||||Santa Fe|||MLA912939995|||AR-S|||Santa Fe|||5
604866|||0||||||Florida|||MLA917209111|||AR-B|||Buenos Aires|||5
604867|||0||||||Capilla Del Señor|||MLA904590777|||AR-B|||Buenos Aires|||5
604868|||0||||||Villa Rosa|||MLA914439536|||AR-B|||Buenos Aires|||5
604869|||0||||||Rosario|||MLA916467890|||AR-S|||Santa Fe|||5
604870|||0||||||Avellaneda|||MLA883463835|||AR-J|||San Juan|||5
604871|||0|||TUxBQ0VTQzQ3YTc0|||Escobar|||MLA924997368|||AR-B|||Buenos Aires|||5
604872|||0|||TUxBQlZJTDQ4MzBa|||Villa Lugano|||MLA911288155|||AR-C|||Capital Federal|||5
604873|||0|||TUxBQ1NBTjQ0ZWIy|||San Fernando|||MLA915654399|||AR-B|||Buenos Aires|||5