5|||97106107|||0||||||http://perfil.mercadolibre.com.ar/WEB-CAR||||||2006-08-08 10:59:25|||normal,user_info_verified,eshop,mshops,credits_profile,messages_as_seller,messages_as_buyer
5|||97106107|||0||||||http://perfil.mercadolibre.com.ar/WEB-CAR||||||2006-08-08 10:59:25|||normal,user_info_verified,eshop,mshops,credits_profile,messages_as_seller,messages_as_buyer
5|||17846983|||0||||||http://perfil.mercadolibre.com.ar/MIAMI+ELECTRO||||||2003-03-17 01:00:00|||normal,user_info_verified,mshops,credits_profile,messages_as_seller,messages_as_buyer
5|||33914156|||0||||||http://perfil.mercadolibre.com.ar/LMGOLBIC||||||2003-11-23 20:31:53|||normal,user_info_verified,mshops,credits_profile,messages_as_seller,messages_as_buyer
5|||273378390|||0||||||http://perfil.mercadolibre.com.ar/ITEC.ARG||||||2017-09-14 17:54:59|||normal,user_info_verified,credits_profile,messages_as_seller,messages_as_buyer
5|||153795957|||0||||||http://perfil.mercadolibre.com.ar/LEVIBLANC||||||2014-02-10 14:06:53|||normal,user_info_verified,credits_priority_4,credits_profile,messages_as_seller,messages_as_buyer
5|||1623979|||0||||||http://perfil.mercadolibre.com.ar/ICASE_AR||||||2002-12-22 01:00:00|||brand,user_info_verified,large_seller,eshop,credits_profile,messages_as_seller,messages_as_buyer
5|||179230167|||0||||||http://perfil.mercadolibre.com.ar/NGA_ONLINE||||||2015-03-15 15:26:44|||normal,user_info_verified,credits_active_borrower,credits_profile,messages_as_seller,messages_as_buyer
5|||10733560|||0||||||http://perfil.mercadolibre.com.ar/RODA_DF||||||2017-06-05 13:18:02|||normal,user_info_verified,credits_profile,messages_as_seller,messages_as_buyer
5|||170399577|||0||||||http://perfil.mercadolibre.com.ar/SWOP.TECH||||||2014-11-06 22:49:57|||normal,user_info_verified,eshop,messages_as_seller,messages_as_buyer
5|||75108434|||0||||||http://perfil.mercadolibre.com.ar/HERNAN.IDIARTE||||||2004-08-16 13:05:53|||normal,user_info_verified,credits_profile,messages_as_seller,messages_as_buyer
5|||148819410|||0||||||http://perfil.mercadolibre.com.ar/EB-DESIGN||||||2013-11-07 11:57:36|||normal,user_info_verified,mshops,credits_profile,messages_as_seller,messages_as_buyer
5|||63222141|||0||||||http://perfil.mercadolibre.com.ar/TICKET+VENTAS||||||2009-01-17 18:43:37|||normal,user_info_verified,credits_profile,mshops,messages_as_seller,messages_as_buyer
5|||75108434|||0||||||http://perfil.mercadolibre.com.ar/HERNAN.IDIARTE||||||2004-08-16 13:05:53|||normal,user_info_verified,credits_profile,messages_as_seller,messages_as_buyer
5|||98748458|||0||||||http://perfil.mercadolibre.com.ar/TIKITAVI||||||2006-10-04 10:27:13|||normal,user_info_verified,credits_priority_4,credits_profile,messages_as_seller,messages_as_buyer
5|||288959815|||0||||||http://perfil.mercadolibre.com.ar/FIX.STATION||||||2017-12-06 16:16:05|||normal,user_info_verified,credits_profile,messages_as_seller,messages_as_buyer
5|||66685470|||0||||||http://perfil.mercadolibre.com.ar/SINDYS||||||2004-05-25 21:47:24|||normal,user_info_verified,mshops,credits_priority_4,credits_profile,messages_as_seller,messages_as_buyer
5|||189759358|||0||||||http://perfil.mercadolibre.com.ar/HEMA4875322||||||2015-08-09 22:48:54|||normal,user_info_verified,credits_priority_2,credits_profile,mshops,messages_as_seller,messages_as_buyer
5|||115050436|||0||||||http://perfil.mercadolibre.com.ar/THE+CUCKOO||||||2012-06-16 13:28:14|||normal,user_info_verified,credits_priority_2,credits_profile,messages_as_seller,messages_as_buyer
5|||17846983|||0||||||http://perfil.mercadolibre.com.ar/MIAMI+ELECTRO||||||2003-03-17 01:00:00|||normal,user_info_verified,mshops,credits_profile,messages_as_seller,messages_as_buyer
5|||32565045|||0||||||http://perfil.mercadolibre.com.ar/BOLSASPOMPEYA||||||2010-08-23 08:26:33|||normal,user_info_verified,credits_priority_3,credits_profile,messages_as_seller,messages_as_buyer
5|||309453406|||0||||||http://perfil.mercadolibre.com.ar/BAZA+10||||||2018-03-21 16:00:14|||normal,user_info_verified,mshops,eshop,messages_as_seller,messages_as_buyer
5|||75992796|||0||||||http://perfil.mercadolibre.com.ar/DJSOUL2004||||||2004-09-25 14:04:01|||normal,user_info_verified,credits_profile,mshops,messages_as_seller,messages_as_buyer
5|||27702512|||0||||||http://perfil.mercadolibre.com.ar/M.Z.S||||||2010-05-05 00:31:15|||normal,user_info_verified,credits_profile,messages_as_seller,messages_as_buyer
5|||60741756|||0||||||http://perfil.mercadolibre.com.ar/NICOLAS_CACERES_86||||||2008-11-12 22:40:38|||normal,user_info_verified,credits_priority_2,credits_profile,messages_as_seller,messages_as_buyer
5|||482165109|||0||||||http://perfil.mercadolibre.com.ar/PANALERA+MATLU2||||||2019-10-21 22:46:42|||normal,user_info_verified,mshops,credits_profile,messages_as_seller,messages_as_buyer
5|||470571139|||0||||||http://perfil.mercadolibre.com.ar/VENDOTODO91||||||2019-09-12 18:19:19|||normal,user_info_verified,mshops,credits_profile,messages_as_seller,messages_as_buyer
5|||139188854|||0||||||http://perfil.mercadolibre.com.ar/CHRISTIANLUPICH||||||2015-08-01 12:41:31|||normal,user_info_verified,credits_profile,messages_as_seller,messages_as_buyer
5|||27794549|||0||||||http://perfil.mercadolibre.com.ar/PARRISH2003||||||2003-09-06 11:21:27|||normal,user_info_verified,credits_profile,messages_as_seller,messages_as_buyer
5|||49768006|||0||||||http://perfil.mercadolibre.com.ar/DIDACTICWORLD%C2%AE||||||2008-05-17 16:33:44|||normal,user_info_verified,credits_priority_3,eshop,credits_profile,messages_as_seller,messages_as_buyer
5|||2225417|||0||||||http://perfil.mercadolibre.com.ar/LAGARTEN||||||2006-12-14 08:39:48|||normal,user_info_verified,credits_profile,messages_as_seller,messages_as_buyer
5|||156531972|||0||||||http://perfil.mercadolibre.com.ar/SOFIBUKI||||||2014-04-02 16:51:08|||normal,user_info_verified,credits_priority_3,credits_profile,eshop,mshops,messages_as_seller,messages_as_buyer
5|||77469334|||0||||||http://perfil.mercadolibre.com.ar/MARMANCUSO2009||||||2009-05-25 13:29:59|||normal,user_info_verified,credits_priority_4,credits_profile,messages_as_seller,messages_as_buyer
5|||22100085|||0||||||http://perfil.mercadolibre.com.ar/POLO_1966||||||2003-05-13 01:00:00|||normal,user_info_verified,mshops,messages_as_seller,messages_as_buyer
5|||177581451|||0||||||http://perfil.mercadolibre.com.ar/RODOCERA||||||2015-02-20 09:30:27|||normal,user_info_verified,credits_priority_4,credits_profile,messages_as_seller,messages_as_buyer
5|||151023788|||0||||||http://perfil.mercadolibre.com.ar/CAIG81||||||2015-12-10 09:26:03|||normal,user_info_verified,credits_active_borrower,credits_profile,messages_as_seller,messages_as_buyer
5|||144686727|||0||||||http://perfil.mercadolibre.com.ar/INGENIOREDES||||||2013-08-26 20:48:15|||normal,user_info_verified,credits_active_borrower,credits_profile,messages_as_seller,messages_as_buyer
5|||13078849|||0||||||http://perfil.mercadolibre.com.ar/CTAP||||||2002-11-18 01:00:00|||normal,user_info_verified,credits_profile,messages_as_seller,messages_as_buyer
5|||158096603|||0||||||http://perfil.mercadolibre.com.ar/SANTIAGOVILLELLA||||||2014-05-01 14:41:57|||normal,user_info_verified,credits_profile,messages_as_seller,messages_as_buyer
5|||158897483|||0||||||http://perfil.mercadolibre.com.ar/MAMA529526||||||2014-05-15 15:48:53|||normal,user_info_verified,messages_as_seller,messages_as_buyer
5|||78641046|||0||||||http://perfil.mercadolibre.com.ar/PICU_XP||||||2005-02-11 22:40:16|||normal,user_info_verified,credits_profile,messages_as_seller,messages_as_buyer
5|||497987160|||0||||||http://perfil.mercadolibre.com.ar/TOBIASPLEIMLING||||||2020-08-17 21:46:26|||normal,user_info_verified,credits_profile,messages_as_seller,messages_as_buyer
5|||17220484|||0||||||http://perfil.mercadolibre.com.ar/PAF80||||||2003-02-25 01:00:00|||normal,user_info_verified,credits_profile,messages_as_seller,messages_as_buyer
5|||143996995|||0||||||http://perfil.mercadolibre.com.ar/EMIGOMEZ23||||||2013-08-14 18:33:07|||normal,user_info_verified,credits_profile,messages_as_seller,messages_as_buyer
5|||270711096|||0||||||http://perfil.mercadolibre.com.ar/OSOCOMFY||||||2018-12-28 14:14:55|||normal,user_info_verified,credits_profile,messages_as_seller,messages_as_buyer
5|||40455062|||0||||||http://perfil.mercadolibre.com.ar/CARRANZAPABLO1983GMAIL||||||2007-10-09 11:01:05|||normal,user_info_verified,credits_profile,messages_as_seller,messages_as_buyer
5|||51149883|||0||||||http://perfil.mercadolibre.com.ar/EUGE8519||||||2008-06-18 12:45:04|||normal,user_info_verified,credits_active_borrower,credits_profile,messages_as_seller,messages_as_buyer
5|||146104502|||0||||||http://perfil.mercadolibre.com.ar/ROBERTORIPANI||||||2013-09-20 14:20:29|||normal,user_info_verified,credits_active_borrower,credits_profile,messages_as_seller,messages_as_buyer
5|||155693506|||0||||||http://perfil.mercadolibre.com.ar/CANDELAGEL||||||2014-03-18 13:51:28|||normal,user_info_verified,credits_priority_3,credits_profile,messages_as_seller,messages_as_buyer
5|||7954777|||0||||||http://perfil.mercadolibre.com.ar/ELECTRODOMESTICOS||||||2002-01-17 01:00:00|||normal,user_info_verified,credits_profile,messages_as_seller,messages_as_buyer
5|||13078849|||0||||||http://perfil.mercadolibre.com.ar/CTAP||||||2002-11-18 01:00:00|||normal,user_info_verified,credits_profile,messages_as_seller,messages_as_buyer
5|||155792098|||0||||||http://perfil.mercadolibre.com.ar/ALEARGA%C3%91ARAZ||||||2014-03-19 21:40:16|||normal,user_info_verified,credits_profile,messages_as_seller,messages_as_buyer
5|||453371938|||0||||||http://perfil.mercadolibre.com.ar/BEAG1982622||||||2019-07-18 18:24:57|||normal,user_info_verified,credits_profile,messages_as_seller,messages_as_buyer
5|||119914491|||0||||||http://perfil.mercadolibre.com.ar/GAMESTATION+ARG||||||2012-08-22 12:06:10|||normal,user_info_verified,medium_seller,eshop,mshops,credits_profile,messages_as_seller,messages_as_buyer
5|||5224817|||0||||||http://perfil.mercadolibre.com.ar/PABLOJOSES||||||2001-08-28 01:00:00|||normal,user_info_verified,credits_profile,messages_as_seller,messages_as_buyer
5|||7751334|||0||||||http://perfil.mercadolibre.com.ar/ALBEPIS||||||2001-12-24 01:00:00|||normal,user_info_verified,credits_active_borrower,credits_profile,messages_as_seller,messages_as_buyer
5|||28553810|||0||||||http://perfil.mercadolibre.com.ar/MARIOMODE||||||2003-09-22 16:59:44|||normal,user_info_verified,credits_profile,messages_as_seller,messages_as_buyer
5|||186413022|||0||||||http://perfil.mercadolibre.com.ar/QUJU9622624||||||2015-07-01 17:39:22|||normal,user_info_verified,credits_profile,messages_as_seller,messages_as_buyer
5|||537675392|||0||||||http://perfil.mercadolibre.com.ar/MARCONGIACOMIME||||||2020-03-19 13:48:06|||normal,user_info_verified,messages_as_seller,messages_as_buyer
5|||69169547|||0||||||http://perfil.mercadolibre.com.ar/CHIPIALEX||||||2011-12-19 12:29:28|||normal,user_info_verified,credits_profile,messages_as_seller,messages_as_buyer
5|||252215499|||0||||||http://perfil.mercadolibre.com.ar/SOL+MARIASOL||||||2017-07-17 20:54:58|||normal,user_info_verified,credits_priority_2,credits_profile,messages_as_seller,messages_as_buyer
5|||252215499|||0||||||http://perfil.mercadolibre.com.ar/SOL+MARIASOL||||||2017-07-17 20:54:58|||normal,user_info_verified,credits_priority_2,credits_profile,messages_as_seller,messages_as_buyer
5|||159892588|||0||||||http://perfil.mercadolibre.com.ar/TIENDADEMARQUILLAS||||||2014-05-30 19:58:56|||normal,user_info_verified,mshops,credits_profile,messages_as_seller,messages_as_buyer
5|||314269643|||0||||||http://perfil.mercadolibre.com.ar/JAEDCC||||||2018-04-12 19:47:38|||normal,user_info_verified,credits_active_borrower,credits_profile,messages_as_seller,messages_as_buyer
5|||176541850|||0||||||http://perfil.mercadolibre.com.ar/DANASUCHO||||||2015-02-04 19:52:37|||normal,user_info_verified,credits_profile,messages_as_seller,messages_as_buyer
5|||184678844|||0||||||http://perfil.mercadolibre.com.ar/MASTROLAEMILIANO||||||2015-06-02 13:16:17|||normal,user_info_verified,from_facebook,eshop,credits_profile,messages_as_seller,messages_as_buyer
5|||37109820|||0||||||http://perfil.mercadolibre.com.ar/DANIFRANCO78||||||2010-11-15 20:44:09|||normal,user_info_verified,messages_as_seller,messages_as_buyer
5|||53243580|||0||||||http://perfil.mercadolibre.com.ar/DORIANWEB||||||2008-08-15 10:52:04|||normal,user_info_verified,eshop,mshops,credits_profile,messages_as_seller,messages_as_buyer
5|||21084555|||0||||||http://perfil.mercadolibre.com.ar/ALICIA-1960||||||2015-09-10 20:43:10|||normal,user_info_verified,messages_as_seller,messages_as_buyer
5|||119483221|||0||||||http://perfil.mercadolibre.com.ar/MULTIDISCIPLINA||||||2012-08-15 12:56:05|||normal,user_info_verified,credits_priority_1,credits_profile,messages_as_seller,messages_as_buyer
5|||30999437|||0||||||http://perfil.mercadolibre.com.ar/LAU_CARI2010||||||2010-07-19 20:33:05|||normal,user_info_verified,credits_profile,messages_as_seller,messages_as_buyer
5|||17220484|||0||||||http://perfil.mercadolibre.com.ar/PAF80||||||2003-02-25 01:00:00|||normal,user_info_verified,credits_profile,messages_as_seller,messages_as_buyer
5|||150747837|||0||||||http://perfil.mercadolibre.com.ar/ZANNICO||||||2013-12-11 22:16:48|||normal,user_info_verified,credits_profile,messages_as_seller,messages_as_buyer
5|||118007959|||0||||||http://perfil.mercadolibre.com.ar/NETE.MANCUSO||||||2014-01-11 13:48:28|||normal,user_info_verified,credits_profile,messages_as_seller,messages_as_buyer
5|||237088221|||0||||||http://perfil.mercadolibre.com.ar/CANDELAPAMPIN||||||2017-07-11 22:49:32|||normal,user_info_verified,credits_profile,messages_as_seller,messages_as_buyer
5|||38728297|||0||||||http://perfil.mercadolibre.com.ar/ANANAFUZ||||||2007-09-15 19:36:18|||normal,user_info_verified,credits_profile,messages_as_seller,messages_as_buyer
5|||284824585|||0||||||http://perfil.mercadolibre.com.ar/SKY.VISION+ELECTRONICA||||||2017-11-17 10:42:03|||normal,user_info_verified,credits_profile,eshop,mshops,messages_as_seller,messages_as_buyer
5|||150042909|||0||||||http://perfil.mercadolibre.com.ar/ROCKNRO77||||||2013-11-29 13:13:22|||normal,user_info_verified,credits_profile,messages_as_seller,messages_as_buyer
5|||119914491|||0||||||http://perfil.mercadolibre.com.ar/GAMESTATION+ARG||||||2012-08-22 12:06:10|||normal,user_info_verified,medium_seller,eshop,mshops,credits_profile,messages_as_seller,messages_as_buyer
5|||62325340|||0||||||http://perfil.mercadolibre.com.ar/BRIANOCONER||||||2008-12-19 02:45:22|||normal,user_info_verified,credits_active_borrower,credits_profile,messages_as_seller,messages_as_buyer
5|||7612918|||0||||||http://perfil.mercadolibre.com.ar/PELUZA2002||||||2001-12-07 01:00:00|||normal,user_info_verified,credits_active_borrower,credits_profile,messages_as_seller,messages_as_buyer
5|||13147957|||0||||||http://perfil.mercadolibre.com.ar/CASLA574||||||2002-11-20 01:00:00|||normal,user_info_verified,credits_profile,messages_as_seller,messages_as_buyer
5|||81761941|||0||||||http://perfil.mercadolibre.com.ar/NATALIARODRIGUEZ28||||||2005-06-21 08:50:46|||normal,user_info_verified,credits_profile,messages_as_seller,messages_as_buyer
5|||4129245|||0||||||http://perfil.mercadolibre.com.ar/CANIGLIAPAULA||||||2014-11-12 17:16:11|||normal,user_info_verified,credits_profile,messages_as_seller,messages_as_buyer
5|||137985568|||0||||||http://perfil.mercadolibre.com.ar/CHARLIEVERDESOTO||||||2013-05-09 18:31:03|||normal,user_info_verified,credits_profile,messages_as_seller,messages_as_buyer
5|||18718781|||0||||||http://perfil.mercadolibre.com.ar/RMJARAM||||||2003-03-23 01:00:00|||normal,user_info_verified,credits_profile,messages_as_seller,messages_as_buyer
5|||15516016|||0||||||http://perfil.mercadolibre.com.ar/TOMASEAV||||||2011-12-20 15:38:57|||normal,user_info_verified,credits_priority_4,credits_profile,messages_as_seller,messages_as_buyer
5|||34231633|||0||||||http://perfil.mercadolibre.com.ar/TREVI1989||||||2010-09-27 13:57:11|||normal,user_info_verified,credits_profile,messages_as_seller,messages_as_buyer
5|||72252603|||0||||||http://perfil.mercadolibre.com.ar/NMO+VENTAS||||||2011-10-18 17:35:54|||normal,user_info_verified,credits_profile,messages_as_seller,messages_as_buyer
5|||89625754|||0||||||http://perfil.mercadolibre.com.ar/DDDPIERO||||||2005-11-30 18:57:39|||normal,user_info_verified,credits_priority_1,credits_profile,messages_as_seller,messages_as_buyer
5|||515867299|||0||||||http://perfil.mercadolibre.com.ar/AXELFEDERICOALVAREZCASTRO||||||2020-04-14 21:30:58|||normal,user_info_verified,credits_profile,messages_as_seller,messages_as_buyer
5|||157535747|||0||||||http://perfil.mercadolibre.com.ar/MACAUSA||||||2014-04-21 17:53:33|||normal,user_info_verified,mshops,credits_profile,messages_as_seller,messages_as_buyer
5|||191607587|||0||||||http://perfil.mercadolibre.com.ar/THOMASARECO||||||2015-09-02 17:45:12|||normal,user_info_verified,credits_profile,messages_as_seller,messages_as_buyer
5|||238681019|||0||||||http://perfil.mercadolibre.com.ar/BEFA3835315||||||2016-12-22 17:46:51|||normal,user_info_verified,messages_as_seller,messages_as_buyer
5|||11131624|||0||||||http://perfil.mercadolibre.com.ar/DE+TOMASI||||||2002-08-27 01:00:00|||normal,user_info_verified,credits_priority_3,credits_profile,eshop,mshops,messages_as_seller,messages_as_buyer
5|||166977430|||0||||||http://perfil.mercadolibre.com.ar/TURIO||||||2014-09-17 18:09:37|||normal,user_info_verified,credits_profile,messages_as_seller,messages_as_buyer
5|||8462695|||0||||||http://perfil.mercadolibre.com.ar/CHORE77||||||2002-03-06 01:00:00|||normal,user_info_verified,credits_priority_3,credits_profile,messages_as_seller,messages_as_buyer
5|||150124219|||0||||||http://perfil.mercadolibre.com.ar/ALRACML||||||2013-11-30 23:08:56|||normal,user_info_verified,credits_profile,messages_as_seller,messages_as_buyer
5|||95070885|||0||||||http://perfil.mercadolibre.com.ar/NELAHYKA||||||2009-11-27 21:57:28|||normal,user_info_verified,credits_priority_4,credits_profile,messages_as_seller,messages_as_buyer
5|||90950138|||0||||||http://perfil.mercadolibre.com.ar/ARISG||||||2009-10-26 00:40:03|||normal,user_info_verified,credits_profile,messages_as_seller,messages_as_buyer
5|||115400220|||0||||||http://perfil.mercadolibre.com.ar/PABLOTOTO99||||||2012-06-22 11:56:39|||normal,user_info_verified,credits_profile,messages_as_seller,messages_as_buyer
5|||154463631|||0||||||http://perfil.mercadolibre.com.ar/RAQUELFILIPPA||||||2014-02-22 18:16:08|||normal,user_info_verified,credits_profile,messages_as_seller,messages_as_buyer
5|||314065477|||0||||||http://perfil.mercadolibre.com.ar/PEDROD254||||||2018-04-11 20:54:12|||normal,user_info_verified,credits_profile,mshops,messages_as_seller,messages_as_buyer
5|||120207686|||0||||||http://perfil.mercadolibre.com.ar/JQUIONESMENDEZ||||||2012-08-25 16:57:07|||normal,user_info_verified,credits_profile,messages_as_seller,messages_as_buyer
5|||255175849|||0||||||http://perfil.mercadolibre.com.ar/ESHU582440||||||2017-05-04 13:50:25|||normal,user_info_verified,credits_profile,mshops,messages_as_seller,messages_as_buyer
5|||515867299|||0||||||http://perfil.mercadolibre.com.ar/AXELFEDERICOALVAREZCASTRO||||||2020-04-14 21:30:58|||normal,user_info_verified,credits_profile,messages_as_seller,messages_as_buyer
5|||542720532|||0||||||http://perfil.mercadolibre.com.ar/VENI1523239||||||2020-04-05 21:09:55|||normal,user_info_verified,messages_as_seller,messages_as_buyer
5|||97558373|||0||||||http://perfil.mercadolibre.com.ar/PIA970||||||2006-08-23 11:07:34|||normal,user_info_verified,credits_profile,messages_as_seller,messages_as_buyer
5|||67306728|||0||||||http://perfil.mercadolibre.com.ar/HER%C3%9C||||||2011-08-18 19:28:21|||normal,user_info_verified,credits_profile,messages_as_seller,messages_as_buyer
5|||150778167|||0||||||http://perfil.mercadolibre.com.ar/LUCASBOSETTI||||||2017-09-29 18:24:55|||normal,user_info_verified,credits_profile,messages_as_seller,messages_as_buyer
5|||542720532|||0||||||http://perfil.mercadolibre.com.ar/VENI1523239||||||2020-04-05 21:09:55|||normal,user_info_verified,messages_as_seller,messages_as_buyer
5|||67306728|||0||||||http://perfil.mercadolibre.com.ar/HER%C3%9C||||||2011-08-18 19:28:21|||normal,user_info_verified,credits_profile,messages_as_seller,messages_as_buyer
5|||35654005|||0||||||http://perfil.mercadolibre.com.ar/MAX_VDT||||||2007-08-08 16:30:09|||normal,user_info_verified,credits_profile,messages_as_seller,messages_as_buyer
5|||83048654|||0||||||http://perfil.mercadolibre.com.ar/ROMINAPL||||||2005-07-28 16:45:53|||normal,user_info_verified,credits_profile,messages_as_seller,messages_as_buyer
5|||390154325|||0||||||http://perfil.mercadolibre.com.ar/CLICKEA+STORE||||||2018-12-27 17:48:07|||normal,user_info_verified,credits_profile,mshops,messages_as_seller,messages_as_buyer
5|||390154325|||0||||||http://perfil.mercadolibre.com.ar/CLICKEA+STORE||||||2018-12-27 17:48:07|||normal,user_info_verified,credits_profile,mshops,messages_as_seller,messages_as_buyer
5|||219523220|||0||||||http://perfil.mercadolibre.com.ar/VYZOR21||||||2016-06-29 13:44:52|||normal,user_info_verified,credits_profile,messages_as_seller,messages_as_buyer
5|||390154325|||0||||||http://perfil.mercadolibre.com.ar/CLICKEA+STORE||||||2018-12-27 17:48:07|||normal,user_info_verified,credits_profile,mshops,messages_as_seller,messages_as_buyer
5|||390154325|||0||||||http://perfil.mercadolibre.com.ar/CLICKEA+STORE||||||2018-12-27 17:48:07|||normal,user_info_verified,credits_profile,mshops,messages_as_seller,messages_as_buyer
5|||195850768|||0||||||http://perfil.mercadolibre.com.ar/FEDERICOJOELREYNOSOMEDINA||||||2015-10-28 20:46:24|||normal,user_info_verified,mshops,credits_profile,messages_as_seller,messages_as_buyer
5|||659604623|||0||||||http://perfil.mercadolibre.com.ar/GVASTO||||||2020-10-16 00:42:03|||normal,user_info_verified,messages_as_seller,messages_as_buyer
5|||446638393|||0||||||http://perfil.mercadolibre.com.ar/RAGR9500957||||||2019-06-24 14:43:15|||normal,user_info_verified,credits_profile,messages_as_seller
5|||289001208|||0||||||http://perfil.mercadolibre.com.ar/TOUCH.MOCORETA||||||2017-12-06 19:46:36|||normal,user_info_verified,credits_priority_1,credits_profile,mshops,messages_as_seller,messages_as_buyer
5|||284824585|||0||||||http://perfil.mercadolibre.com.ar/SKY.VISION+ELECTRONICA||||||2017-11-17 10:42:03|||normal,user_info_verified,credits_profile,eshop,mshops,messages_as_seller,messages_as_buyer
5|||134702750|||0||||||http://perfil.mercadolibre.com.ar/SEED5254245||||||2014-10-22 22:52:28|||normal,user_info_verified,from_facebook,credits_profile,messages_as_seller,messages_as_buyer
5|||11667264|||0||||||http://perfil.mercadolibre.com.ar/EZEQUIELDEJULIIS||||||2011-11-29 10:04:57|||normal,user_info_verified,credits_profile,messages_as_seller,messages_as_buyer
5|||170211638|||0||||||http://perfil.mercadolibre.com.ar/MARIANADELPOZO||||||2014-11-04 15:35:15|||normal,user_info_verified,credits_profile,messages_as_seller,messages_as_buyer
5|||386646|||0||||||http://perfil.mercadolibre.com.ar/ANTEL||||||2000-06-30 01:00:00|||normal,user_info_verified,credits_profile,messages_as_seller,messages_as_buyer
5|||92535118|||0||||||http://perfil.mercadolibre.com.ar/JAVIFLORES||||||2006-03-19 11:56:20|||normal,user_info_verified,credits_priority_3,credits_profile,messages_as_seller,messages_as_buyer
5|||47255185|||0||||||http://perfil.mercadolibre.com.ar/MANDUK_||||||2004-03-10 20:14:19|||normal,user_info_verified,credits_profile,messages_as_seller,messages_as_buyer
5|||58771065|||0||||||http://perfil.mercadolibre.com.ar/TERE22_DRA||||||2003-02-24 15:37:00|||normal,user_info_verified,credits_profile,messages_as_seller,messages_as_buyer
5|||355423672|||0||||||http://perfil.mercadolibre.com.ar/ZARCO_FEDERICO||||||2018-09-18 09:04:00|||normal,user_info_verified,credits_profile,messages_as_seller,messages_as_buyer
5|||57734439|||0||||||http://perfil.mercadolibre.com.ar/PACHU1978_DRA||||||2007-01-29 15:00:00|||normal,user_info_verified,credits_profile,messages_as_seller,messages_as_buyer
5|||239010341|||0||||||http://perfil.mercadolibre.com.ar/GUSRIMOLDI||||||2016-12-27 00:17:17|||normal,user_info_verified,messages_as_seller,messages_as_buyer
5|||131092809|||0||||||http://perfil.mercadolibre.com.ar/CYRIL+MAKANAKI||||||2012-12-28 18:25:31|||normal,user_info_verified,credits_profile,messages_as_seller,messages_as_buyer
5|||49566909|||0||||||http://perfil.mercadolibre.com.ar/MARIELA+TRINIDAD||||||2008-05-13 21:34:02|||normal,user_info_verified,eshop,credits_profile,messages_as_seller,messages_as_buyer
5|||92245003|||0||||||http://perfil.mercadolibre.com.ar/ALMARY9||||||2009-11-05 12:05:37|||normal,user_info_verified,credits_profile,messages_as_seller,messages_as_buyer
5|||52855822|||0||||||http://perfil.mercadolibre.com.ar/FAFIRULO||||||2011-04-25 15:56:22|||normal,user_info_verified,credits_profile,messages_as_seller,messages_as_buyer
5|||195850768|||0||||||http://perfil.mercadolibre.com.ar/FEDERICOJOELREYNOSOMEDINA||||||2015-10-28 20:46:24|||normal,user_info_verified,mshops,credits_profile,messages_as_seller,messages_as_buyer
5|||120190394|||0||||||http://perfil.mercadolibre.com.ar/PAU0208||||||2012-08-25 11:46:32|||normal,user_info_verified,credits_profile,messages_as_seller,messages_as_buyer
5|||141747726|||0||||||http://perfil.mercadolibre.com.ar/LEONORCODESO||||||2013-07-09 16:33:29|||normal,user_info_verified,credits_profile,messages_as_seller,messages_as_buyer
5|||34231633|||0||||||http://perfil.mercadolibre.com.ar/TREVI1989||||||2010-09-27 13:57:11|||normal,user_info_verified,credits_profile,messages_as_seller,messages_as_buyer
5|||170592302|||0||||||http://perfil.mercadolibre.com.ar/SOLEDADORIOZABALA||||||2016-04-19 12:11:14|||normal,user_info_verified,credits_profile,messages_as_seller,messages_as_buyer
5|||212076097|||0||||||http://perfil.mercadolibre.com.ar/CAROLIBRANDI88||||||2016-04-23 12:55:44|||normal,user_info_verified,credits_open_market,credits_profile,messages_as_seller,messages_as_buyer
5|||49566909|||0||||||http://perfil.mercadolibre.com.ar/MARIELA+TRINIDAD||||||2008-05-13 21:34:02|||normal,user_info_verified,eshop,credits_profile,messages_as_seller,messages_as_buyer
5|||58297160|||0||||||http://perfil.mercadolibre.com.ar/TOROVACA_DRA||||||2000-06-12 21:44:00|||normal,user_info_verified,credits_profile,messages_as_seller,messages_as_buyer
5|||300838795|||0||||||http://perfil.mercadolibre.com.ar/FACUNDO+S.A.||||||2019-10-02 16:13:57|||normal,user_info_verified,credits_profile,messages_as_seller,messages_as_buyer
5|||49566909|||0||||||http://perfil.mercadolibre.com.ar/MARIELA+TRINIDAD||||||2008-05-13 21:34:02|||normal,user_info_verified,eshop,credits_profile,messages_as_seller,messages_as_buyer
5|||58297160|||0||||||http://perfil.mercadolibre.com.ar/TOROVACA_DRA||||||2000-06-12 21:44:00|||normal,user_info_verified,credits_profile,messages_as_seller,messages_as_buyer
5|||300838795|||0||||||http://perfil.mercadolibre.com.ar/FACUNDO+S.A.||||||2019-10-02 16:13:57|||normal,user_info_verified,credits_profile,messages_as_seller,messages_as_buyer
5|||157515117|||0||||||http://perfil.mercadolibre.com.ar/SEBASTIANAJAMIL||||||2014-04-21 12:16:13|||normal,user_info_verified,credits_priority_2,credits_profile,messages_as_seller,messages_as_buyer
5|||78341270|||0||||||http://perfil.mercadolibre.com.ar/JAVIERNANDES||||||2005-01-26 21:13:32|||normal,user_info_verified,credits_priority_2,credits_profile,messages_as_seller,messages_as_buyer
5|||32110462|||0||||||http://perfil.mercadolibre.com.ar/CLUBMPENTRERIOS||||||2010-08-12 15:16:27|||normal,user_info_verified,credits_priority_2,credits_profile,messages_as_seller,messages_as_buyer
5|||145433180|||0||||||http://perfil.mercadolibre.com.ar/FLORENCIAMIZRAHI||||||2013-09-08 22:34:56|||normal,user_info_verified,credits_profile,messages_as_seller,messages_as_buyer
5|||84125445|||0||||||http://perfil.mercadolibre.com.ar/AC180607||||||2009-08-21 18:52:07|||normal,user_info_verified,credits_priority_2,credits_profile,messages_as_seller,messages_as_buyer
5|||134955765|||0||||||http://perfil.mercadolibre.com.ar/PIPBOYSD||||||2013-03-14 18:56:35|||normal,user_info_verified,credits_profile,messages_as_seller,messages_as_buyer
5|||7363697|||0||||||http://perfil.mercadolibre.com.ar/YITO66||||||2001-11-11 01:00:00|||normal,user_info_verified,credits_profile,messages_as_seller,messages_as_buyer
5|||284667990|||0||||||http://perfil.mercadolibre.com.ar/MALU4958540||||||2019-01-03 12:36:17|||normal,user_info_verified,credits_profile,messages_as_seller,messages_as_buyer
5|||447986462|||0||||||http://perfil.mercadolibre.com.ar/MICHELINIIVO||||||2019-06-29 11:40:15|||normal,user_info_verified,credits_profile,messages_as_seller,messages_as_buyer
5|||101379753|||0||||||http://perfil.mercadolibre.com.ar/DANGELOMERCEDES60||||||2012-08-01 21:59:13|||normal,user_info_verified,credits_profile,messages_as_seller,messages_as_buyer
5|||152085480|||0||||||http://perfil.mercadolibre.com.ar/LALALAND+SHOP||||||2014-01-09 16:34:36|||normal,user_info_verified,messages_as_seller,messages_as_buyer
5|||21254071|||0||||||http://perfil.mercadolibre.com.ar/GUSTAVITO7||||||2003-04-22 01:00:00|||normal,user_info_verified,messages_as_seller,messages_as_buyer
5|||170162447|||0||||||http://perfil.mercadolibre.com.ar/P4O_AL3||||||2014-11-03 19:30:26|||normal,user_info_verified,credits_active_borrower,credits_profile,messages_as_seller,messages_as_buyer
5|||190002313|||0||||||http://perfil.mercadolibre.com.ar/JANO8737564||||||2015-08-12 18:20:51|||normal,user_info_verified,credits_priority_3,credits_profile,messages_as_seller,messages_as_buyer
5|||75321064|||0||||||http://perfil.mercadolibre.com.ar/CENSERV||||||2004-08-31 13:18:00|||normal,user_info_verified,mshops,credits_profile,messages_as_seller,messages_as_buyer
5|||58297160|||0||||||http://perfil.mercadolibre.com.ar/TOROVACA_DRA||||||2000-06-12 21:44:00|||normal,user_info_verified,credits_profile,messages_as_seller,messages_as_buyer
5|||1676345|||0||||||http://perfil.mercadolibre.com.ar/FACA_TECH||||||2006-11-17 18:12:48|||normal,user_info_verified,credits_profile,messages_as_seller,messages_as_buyer
5|||193382451|||0||||||http://perfil.mercadolibre.com.ar/FLORENCIAGOTTIG||||||2015-09-26 18:07:57|||normal,user_info_verified,messages_as_seller,messages_as_buyer
5|||178093007|||0||||||http://perfil.mercadolibre.com.ar/YOTELOSVENDO||||||2015-03-10 22:54:23|||normal,user_info_verified,credits_profile,messages_as_seller,messages_as_buyer
5|||30899091|||0||||||http://perfil.mercadolibre.com.ar/BAHAIR||||||2003-10-21 14:44:39|||normal,user_info_verified,credits_profile,messages_as_seller,messages_as_buyer
5|||174326511|||0||||||http://perfil.mercadolibre.com.ar/MILAGROSDAIANA||||||2015-01-05 10:15:10|||normal,user_info_verified,credits_profile,mshops,messages_as_seller,messages_as_buyer
5|||174326511|||0||||||http://perfil.mercadolibre.com.ar/MILAGROSDAIANA||||||2015-01-05 10:15:10|||normal,user_info_verified,credits_profile,mshops,messages_as_seller,messages_as_buyer
5|||213199628|||0||||||http://perfil.mercadolibre.com.ar/DEMATTEISJOEL||||||2016-05-05 13:59:56|||normal,user_info_verified,credits_profile,messages_as_seller,messages_as_buyer
5|||89408099|||0||||||http://perfil.mercadolibre.com.ar/PAM_SAMURCACHAN||||||2009-10-10 14:27:56|||normal,user_info_verified,credits_profile,messages_as_seller,messages_as_buyer
5|||80370862|||0||||||http://perfil.mercadolibre.com.ar/BONI_84||||||2005-05-04 20:04:25|||normal,user_info_verified,credits_profile,messages_as_seller,messages_as_buyer
5|||233091386|||0||||||http://perfil.mercadolibre.com.ar/BAMA3618949||||||2016-10-31 16:46:55|||normal,user_info_verified,credits_profile,messages_as_seller,messages_as_buyer
5|||232884517|||0||||||http://perfil.mercadolibre.com.ar/GUILLERMOFONSECA1905||||||2016-10-29 11:32:57|||normal,user_info_verified,credits_active_borrower,credits_profile,messages_as_seller,messages_as_buyer
5|||155063962|||0||||||http://perfil.mercadolibre.com.ar/NICOLASZ1999||||||2014-03-06 17:04:50|||normal,user_info_verified,credits_profile,messages_as_seller,messages_as_buyer
5|||32110462|||0||||||http://perfil.mercadolibre.com.ar/CLUBMPENTRERIOS||||||2010-08-12 15:16:27|||normal,user_info_verified,credits_priority_2,credits_profile,messages_as_seller,messages_as_buyer
5|||5764988|||0||||||http://perfil.mercadolibre.com.ar/2007MDP||||||2007-02-20 21:31:39|||normal,user_info_verified,credits_priority_4,credits_profile,messages_as_seller,messages_as_buyer
5|||130790052|||0||||||http://perfil.mercadolibre.com.ar/SERGIOPAGADOY||||||2019-10-31 10:26:51|||normal,user_info_verified,credits_profile,messages_as_seller,messages_as_buyer
5|||728669900|||0||||||http://perfil.mercadolibre.com.ar/LOLI6572984||||||2021-03-14 18:29:56|||normal,user_info_verified,credits_profile,messages_as_seller,messages_as_buyer
5|||28135715|||0||||||http://perfil.mercadolibre.com.ar/SOFIV5||||||2010-05-14 11:56:11|||normal,user_info_verified,messages_as_seller,messages_as_buyer
5|||783145250|||0||||||http://perfil.mercadolibre.com.ar/GABRIELOSMARMARTINEZ||||||2021-06-29 15:53:21|||normal,user_info_verified,messages_as_seller
5|||35743746|||0||||||http://perfil.mercadolibre.com.ar/GISELLEGALLI||||||2010-10-23 01:20:27|||normal,user_info_verified,credits_profile,messages_as_seller,messages_as_buyer
5|||113480497|||0||||||http://perfil.mercadolibre.com.ar/LUCIAFERMESI||||||2012-05-20 15:41:58|||normal,user_info_verified,messages_as_seller,messages_as_buyer
5|||82105216|||0||||||http://perfil.mercadolibre.com.ar/AGMAFB||||||2009-07-2