24|||78005094|||0||||||http://perfil.mercadolibre.com.ar/AJAXGOLD||||||2005-01-11 19:50:50|||normal,credits_priority_4,eshop,mshops,medium_seller,credits_profile,messages_as_seller
24|||335392756|||0||||||http://perfil.mercadolibre.com.ar/PGHEALTH||||||2018-07-10 12:31:00|||normal,credits_profile,messages_as_seller
24|||84654697|||0||||||http://perfil.mercadolibre.com.ar/SOWTECH01||||||2005-09-13 23:24:25|||normal,credits_profile,mshops,messages_as_seller
24|||28901009|||0||||||http://perfil.mercadolibre.com.ar/GAMER24HS||||||2010-05-30 21:53:43|||normal,credits_profile,eshop,mshops,messages_as_seller
24|||154503522|||0||||||http://perfil.mercadolibre.com.ar/SPOTCOMPRAS||||||2018-10-03 16:52:30|||normal,eshop,mshops,credits_profile,messages_as_seller
24|||188368799|||0||||||http://perfil.mercadolibre.com.ar/REDNETCORP||||||2015-07-22 17:02:17|||normal,credits_priority_3,credits_profile,eshop,mshops,messages_as_seller
24|||115018658|||0||||||http://perfil.mercadolibre.com.ar/DEVOTOELECTRONICS||||||2012-06-15 18:49:31|||normal,credits_priority_4,credits_profile,eshop,mshops,messages_as_seller
24|||302084417|||0||||||http://perfil.mercadolibre.com.ar/DASHABOX||||||2018-02-14 14:01:02|||brand,large_seller,mshops,messages_as_seller
24|||336742535|||0||||||http://perfil.mercadolibre.com.ar/MICRO+CHEAP||||||2018-07-14 22:15:22|||normal,credits_profile,mshops,messages_as_seller
24|||255551279|||0||||||http://perfil.mercadolibre.com.ar/CUAKTHEHELL||||||2019-01-10 22:17:39|||normal,eshop,mshops,credits_profile,messages_as_seller
24|||115018658|||0||||||http://perfil.mercadolibre.com.ar/DEVOTOELECTRONICS||||||2012-06-15 18:49:31|||normal,credits_priority_4,credits_profile,eshop,mshops,messages_as_seller
24|||185274763|||0||||||http://perfil.mercadolibre.com.ar/IGOR+GIANNI||||||2015-06-10 14:03:36|||normal,credits_profile,mshops,messages_as_seller
24|||96338200|||0||||||http://perfil.mercadolibre.com.ar/MR-SHOPS||||||2006-07-15 16:11:02|||normal,credits_priority_4,credits_profile,eshop,mshops,messages_as_seller
24|||388452240|||0||||||http://perfil.mercadolibre.com.ar/VIRTUAL+DIXSHOP||||||2018-12-20 09:39:33|||normal,eshop,mshops,credits_profile,messages_as_seller
24|||188368799|||0||||||http://perfil.mercadolibre.com.ar/REDNETCORP||||||2015-07-22 17:02:17|||normal,credits_priority_3,credits_profile,eshop,mshops,messages_as_seller
24|||353545827|||0||||||http://perfil.mercadolibre.com.ar/PUNTOIMPORTADORESARGENTINA||||||2018-09-11 16:39:19|||normal,eshop,mshops,credits_profile,messages_as_seller
24|||335392756|||0||||||http://perfil.mercadolibre.com.ar/PGHEALTH||||||2018-07-10 12:31:00|||normal,credits_profile,messages_as_seller
24|||139052045|||0||||||http://perfil.mercadolibre.com.ar/ELECTRO+ACCESS||||||2013-05-23 14:14:52|||normal,eshop,mshops,credits_profile,messages_as_seller
24|||115018658|||0||||||http://perfil.mercadolibre.com.ar/DEVOTOELECTRONICS||||||2012-06-15 18:49:31|||normal,credits_priority_4,credits_profile,eshop,mshops,messages_as_seller
24|||28901009|||0||||||http://perfil.mercadolibre.com.ar/GAMER24HS||||||2010-05-30 21:53:43|||normal,credits_profile,eshop,mshops,messages_as_seller
24|||189362224|||0||||||http://perfil.mercadolibre.com.ar/ACCESORIES+CO||||||2015-08-04 15:33:18|||normal,credits_profile,mshops,messages_as_seller
24|||189362224|||0||||||http://perfil.mercadolibre.com.ar/ACCESORIES+CO||||||2015-08-04 15:33:18|||normal,credits_profile,mshops,messages_as_seller
24|||685254097|||0||||||http://perfil.mercadolibre.com.ar/IMPORTADOS+ONLINE14||||||2020-12-09 17:42:08|||normal,eshop,mshops,credits_profile,messages_as_seller
24|||207654925|||0||||||http://perfil.mercadolibre.com.ar/JUGUETITOS.ELECTRONICOS||||||2016-03-03 18:40:44|||normal,credits_priority_3,credits_profile,mshops,messages_as_seller
24|||28056138|||0||||||http://perfil.mercadolibre.com.ar/SUNDERVENTAS.COM||||||2010-05-12 16:21:10|||normal,credits_priority_1,credits_profile,mshops,messages_as_seller
24|||37133205|||0||||||http://perfil.mercadolibre.com.ar/SALES+COM||||||2003-12-15 17:01:17|||brand,large_seller,eshop,mshops,developer,messages_as_seller
24|||57875947|||0||||||http://perfil.mercadolibre.com.ar/ETOCELIS||||||2005-09-17 14:00:00|||normal,eshop,credits_profile,messages_as_seller
24|||115018658|||0||||||http://perfil.mercadolibre.com.ar/DEVOTOELECTRONICS||||||2012-06-15 18:49:31|||normal,credits_priority_4,credits_profile,eshop,mshops,messages_as_seller
24|||530758371|||0||||||http://perfil.mercadolibre.com.ar/DAVOS.COM.AR||||||2020-02-26 16:27:49|||normal,credits_profile,mshops,messages_as_seller
24|||188368799|||0||||||http://perfil.mercadolibre.com.ar/REDNETCORP||||||2015-07-22 17:02:17|||normal,credits_priority_3,credits_profile,eshop,mshops,messages_as_seller
24|||136012756|||0||||||http://perfil.mercadolibre.com.ar/GSACCESORIOS2014||||||2013-04-03 23:21:57|||normal,eshop,mshops,credits_profile,messages_as_seller
24|||115018658|||0||||||http://perfil.mercadolibre.com.ar/DEVOTOELECTRONICS||||||2012-06-15 18:49:31|||normal,credits_priority_4,credits_profile,eshop,mshops,messages_as_seller
24|||179274188|||0||||||http://perfil.mercadolibre.com.ar/DALECL%C3%8DCK||||||2015-03-16 09:07:23|||normal,credits_profile,eshop,mshops,messages_as_seller
24|||185274763|||0||||||http://perfil.mercadolibre.com.ar/IGOR+GIANNI||||||2015-06-10 14:03:36|||normal,credits_profile,mshops,messages_as_seller
24|||169746757|||0||||||http://perfil.mercadolibre.com.ar/OPORTUNIDADES-VIP||||||2014-10-28 13:12:28|||normal,credits_profile,messages_as_seller
24|||141498690|||0||||||http://perfil.mercadolibre.com.ar/FI+SHOP||||||2013-07-05 13:12:27|||brand,large_seller,eshop,mshops,credits_profile,credits_priority_4,messages_as_seller
24|||185274763|||0||||||http://perfil.mercadolibre.com.ar/IGOR+GIANNI||||||2015-06-10 14:03:36|||normal,credits_profile,mshops,messages_as_seller
24|||269998830|||0||||||http://perfil.mercadolibre.com.ar/NICTOM-TECH||||||2017-08-23 14:07:02|||normal,credits_profile,messages_as_seller
24|||255677435|||0||||||http://perfil.mercadolibre.com.ar/GUIRNALDA+DELUCES||||||2017-05-08 22:44:25|||normal,credits_priority_4,credits_profile,eshop,mshops,messages_as_seller
24|||747830516|||0||||||http://perfil.mercadolibre.com.ar/MERCADOBAIRES+S.R.L.||||||2021-04-22 09:23:43|||normal,mshops,credits_profile,messages_as_seller
24|||141498690|||0||||||http://perfil.mercadolibre.com.ar/FI+SHOP||||||2013-07-05 13:12:27|||brand,large_seller,eshop,mshops,credits_profile,credits_priority_4,messages_as_seller
24|||185274763|||0||||||http://perfil.mercadolibre.com.ar/IGOR+GIANNI||||||2015-06-10 14:03:36|||normal,credits_profile,mshops,messages_as_seller
24|||264842031|||0||||||http://perfil.mercadolibre.com.ar/TECH4U_ARG||||||2017-07-18 15:14:40|||credits_profile,normal,mshops,messages_as_seller
24|||275152371|||0||||||http://perfil.mercadolibre.com.ar/GRUPO+TTB.S.R.L.||||||2017-09-26 11:59:14|||normal,credits_profile,eshop,mshops,messages_as_seller
24|||47156637|||0||||||http://perfil.mercadolibre.com.ar/ALI+TRADE||||||2004-03-10 11:17:44|||normal,eshop,mshops,credits_profile,messages_as_seller
24|||275152371|||0||||||http://perfil.mercadolibre.com.ar/GRUPO+TTB.S.R.L.||||||2017-09-26 11:59:14|||normal,credits_profile,eshop,mshops,messages_as_seller
24|||165333656|||0||||||http://perfil.mercadolibre.com.ar/XPROSTORE||||||2014-08-25 17:02:47|||normal,eshop,mshops,credits_profile,messages_as_seller
24|||141498690|||0||||||http://perfil.mercadolibre.com.ar/FI+SHOP||||||2013-07-05 13:12:27|||brand,large_seller,eshop,mshops,credits_profile,credits_priority_4,messages_as_seller
24|||141498690|||0||||||http://perfil.mercadolibre.com.ar/FI+SHOP||||||2013-07-05 13:12:27|||brand,large_seller,eshop,mshops,credits_profile,credits_priority_4,messages_as_seller
24|||208137579|||0||||||http://perfil.mercadolibre.com.ar/ONECLICK+ARG||||||2016-03-09 14:05:08|||normal,mshops,credits_profile,messages_as_seller
24|||165333656|||0||||||http://perfil.mercadolibre.com.ar/XPROSTORE||||||2014-08-25 17:02:47|||normal,eshop,mshops,credits_profile,messages_as_seller
24|||185274763|||0||||||http://perfil.mercadolibre.com.ar/IGOR+GIANNI||||||2015-06-10 14:03:36|||normal,credits_profile,mshops,messages_as_seller
24|||37133205|||0||||||http://perfil.mercadolibre.com.ar/SALES+COM||||||2003-12-15 17:01:17|||brand,large_seller,eshop,mshops,developer,messages_as_seller
24|||75961842|||0||||||http://perfil.mercadolibre.com.ar/SISTEMA+XXI||||||2004-09-22 15:41:20|||normal,eshop,credits_profile,messages_as_seller
24|||137785150|||0||||||http://perfil.mercadolibre.com.ar/IMPORTADORA+D-LIP||||||2013-12-13 17:26:41|||normal,credits_profile,mshops,messages_as_seller
24|||99163219|||0||||||http://perfil.mercadolibre.com.ar/TECNO.DIMAR||||||2008-09-08 21:18:05|||normal,eshop,mshops,credits_profile,credits_priority_2,messages_as_seller
24|||279736282|||0||||||http://perfil.mercadolibre.com.ar/SOLUZIONI+ONLINE||||||2017-10-23 17:51:36|||normal,credits_profile,eshop,mshops,messages_as_seller
24|||115018658|||0||||||http://perfil.mercadolibre.com.ar/DEVOTOELECTRONICS||||||2012-06-15 18:49:31|||normal,credits_priority_4,credits_profile,eshop,mshops,messages_as_seller
24|||189362224|||0||||||http://perfil.mercadolibre.com.ar/ACCESORIES+CO||||||2015-08-04 15:33:18|||normal,credits_profile,mshops,messages_as_seller
24|||336742535|||0||||||http://perfil.mercadolibre.com.ar/MICRO+CHEAP||||||2018-07-14 22:15:22|||normal,credits_profile,mshops,messages_as_seller
24|||57875947|||0||||||http://perfil.mercadolibre.com.ar/ETOCELIS||||||2005-09-17 14:00:00|||normal,eshop,credits_profile,messages_as_seller
24|||47156637|||0||||||http://perfil.mercadolibre.com.ar/ALI+TRADE||||||2004-03-10 11:17:44|||normal,eshop,mshops,credits_profile,messages_as_seller
24|||154503522|||0||||||http://perfil.mercadolibre.com.ar/SPOTCOMPRAS||||||2018-10-03 16:52:30|||normal,eshop,mshops,credits_profile,messages_as_seller
24|||189362224|||0||||||http://perfil.mercadolibre.com.ar/ACCESORIES+CO||||||2015-08-04 15:33:18|||normal,credits_profile,mshops,messages_as_seller
24|||77540700|||0||||||http://perfil.mercadolibre.com.ar/ANDROIDE+AZUL||||||2009-05-26 16:26:42|||normal,eshop,mshops,credits_profile,credits_priority_3,messages_as_seller
24|||39144101|||0||||||http://perfil.mercadolibre.com.ar/BIDCOM||||||2007-09-17 10:42:53|||normal,eshop,developer,mshops,messages_as_seller
24|||69987805|||0||||||http://perfil.mercadolibre.com.ar/JV_AUDIO||||||2011-09-21 10:03:39|||normal,credits_profile,eshop,mshops,messages_as_seller
24|||698045872|||0||||||http://perfil.mercadolibre.com.ar/PIDA3566788||||||2021-01-06 18:12:45|||normal,credits_profile,messages_as_seller
24|||227916904|||0||||||http://perfil.mercadolibre.com.ar/SINOPSYSSHOP||||||2016-09-09 16:41:01|||normal,credits_profile,messages_as_seller
24|||189362224|||0||||||http://perfil.mercadolibre.com.ar/ACCESORIES+CO||||||2015-08-04 15:33:18|||normal,credits_profile,mshops,messages_as_seller
24|||198175440|||0||||||http://perfil.mercadolibre.com.ar/AUDIOSTAF+ELECTRONIKO||||||2015-11-12 23:08:35|||normal,eshop,mshops,credits_profile,messages_as_seller
24|||306379146|||0||||||http://perfil.mercadolibre.com.ar/GRUPO+101DB||||||2018-03-07 12:04:12|||normal,credits_profile,mshops,messages_as_seller
24|||275152371|||0||||||http://perfil.mercadolibre.com.ar/GRUPO+TTB.S.R.L.||||||2017-09-26 11:59:14|||normal,credits_profile,eshop,mshops,messages_as_seller
24|||12146705|||0||||||http://perfil.mercadolibre.com.ar/TITANIUM-STORE||||||2002-10-09 01:00:00|||normal,eshop,mshops,credits_profile,messages_as_seller
24|||483991730|||0||||||http://perfil.mercadolibre.com.ar/AMTRASK||||||2019-10-28 12:37:07|||normal,eshop,mshops,credits_profile,messages_as_seller
24|||69541508|||0||||||http://perfil.mercadolibre.com.ar/TIENDA+DELTA||||||2011-09-15 18:48:50|||normal,eshop,mshops,medium_seller,credits_profile,messages_as_seller
24|||179274188|||0||||||http://perfil.mercadolibre.com.ar/DALECL%C3%8DCK||||||2015-03-16 09:07:23|||normal,credits_profile,eshop,mshops,messages_as_seller
24|||483991730|||0||||||http://perfil.mercadolibre.com.ar/AMTRASK||||||2019-10-28 12:37:07|||normal,eshop,mshops,credits_profile,messages_as_seller
24|||784270621|||0||||||http://perfil.mercadolibre.com.ar/PUNTOIMPORTADORESARGENTI||||||2021-07-01 14:48:15|||normal,mshops,messages_as_seller
24|||179356263|||0||||||http://perfil.mercadolibre.com.ar/5LDCOMAR||||||2015-03-17 10:59:34|||normal,credits_profile,mshops,messages_as_seller
24|||39144101|||0||||||http://perfil.mercadolibre.com.ar/BIDCOM||||||2007-09-17 10:42:53|||normal,eshop,developer,mshops,messages_as_seller
24|||279736282|||0||||||http://perfil.mercadolibre.com.ar/SOLUZIONI+ONLINE||||||2017-10-23 17:51:36|||normal,credits_profile,eshop,mshops,messages_as_seller
24|||141498690|||0||||||http://perfil.mercadolibre.com.ar/FI+SHOP||||||2013-07-05 13:12:27|||brand,large_seller,eshop,mshops,credits_profile,credits_priority_4,messages_as_seller
24|||167571601|||0||||||http://perfil.mercadolibre.com.ar/WWW.ELECTROYHOGAR.COM.AR||||||2014-09-26 10:51:53|||normal,credits_priority_4,eshop,mshops,credits_profile,messages_as_seller
24|||649813556|||0||||||http://perfil.mercadolibre.com.ar/GIO.TEK||||||2020-09-23 00:11:26|||normal,credits_profile,messages_as_seller
24|||784973472|||0||||||http://perfil.mercadolibre.com.ar/MININGSTORESRLMININGSTORES||||||2021-07-02 19:12:28|||normal,messages_as_seller
24|||75961842|||0||||||http://perfil.mercadolibre.com.ar/SISTEMA+XXI||||||2004-09-22 15:41:20|||normal,eshop,credits_profile,messages_as_seller
24|||8864765|||0||||||http://perfil.mercadolibre.com.ar/COMPUMANIAS||||||2002-04-08 01:00:00|||normal,eshop,mshops,credits_profile,messages_as_seller
24|||638528199|||0||||||http://perfil.mercadolibre.com.ar/MULTI.HOGAR||||||2020-09-03 21:42:37|||normal,eshop,mshops,credits_profile,messages_as_seller
24|||142275423|||0||||||http://perfil.mercadolibre.com.ar/ALLIANI+AMOBLAMIENTOS||||||2013-07-17 16:39:28|||normal,credits_active_borrower,credits_profile,eshop,messages_as_seller
24|||167571601|||0||||||http://perfil.mercadolibre.com.ar/WWW.ELECTROYHOGAR.COM.AR||||||2014-09-26 10:51:53|||normal,credits_priority_4,eshop,mshops,credits_profile,messages_as_seller
24|||45230252|||0||||||http://perfil.mercadolibre.com.ar/CLICKEA+IT||||||2011-02-07 12:32:34|||normal,eshop,mshops,credits_profile,messages_as_seller
24|||137785150|||0||||||http://perfil.mercadolibre.com.ar/IMPORTADORA+D-LIP||||||2013-12-13 17:26:41|||normal,credits_profile,mshops,messages_as_seller
24|||137785150|||0||||||http://perfil.mercadolibre.com.ar/IMPORTADORA+D-LIP||||||2013-12-13 17:26:41|||normal,credits_profile,mshops,messages_as_seller
24|||723068152|||0||||||http://perfil.mercadolibre.com.ar/SOLUCIONES+TECNOCBA||||||2021-03-02 22:28:43|||normal,mshops,credits_profile,messages_as_seller
24|||649813556|||0||||||http://perfil.mercadolibre.com.ar/GIO.TEK||||||2020-09-23 00:11:26|||normal,credits_profile,messages_as_seller
24|||141498690|||0||||||http://perfil.mercadolibre.com.ar/FI+SHOP||||||2013-07-05 13:12:27|||brand,large_seller,eshop,mshops,credits_profile,credits_priority_4,messages_as_seller
24|||698045872|||0||||||http://perfil.mercadolibre.com.ar/PIDA3566788||||||2021-01-06 18:12:45|||normal,credits_profile,messages_as_seller
24|||188368799|||0||||||http://perfil.mercadolibre.com.ar/REDNETCORP||||||2015-07-22 17:02:17|||normal,credits_priority_3,credits_profile,eshop,mshops,messages_as_seller
24|||188368799|||0||||||http://perfil.mercadolibre.com.ar/REDNETCORP||||||2015-07-22 17:02:17|||normal,credits_priority_3,credits_profile,eshop,mshops,messages_as_seller
24|||179274188|||0||||||http://perfil.mercadolibre.com.ar/DALECL%C3%8DCK||||||2015-03-16 09:07:23|||normal,credits_profile,eshop,mshops,messages_as_seller
24|||279736282|||0||||||http://perfil.mercadolibre.com.ar/SOLUZIONI+ONLINE||||||2017-10-23 17:51:36|||normal,credits_profile,eshop,mshops,messages_as_seller
24|||78212055|||0||||||http://perfil.mercadolibre.com.ar/MORSHOP||||||2009-05-31 01:15:26|||normal,credits_priority_4,eshop,credits_profile,messages_as_seller
24|||638528199|||0||||||http://perfil.mercadolibre.com.ar/MULTI.HOGAR||||||2020-09-03 21:42:37|||normal,eshop,mshops,credits_profile,messages_as_seller
24|||92758705|||0||||||http://perfil.mercadolibre.com.ar/AUTOUNO_SHOPWEB||||||2006-03-27 22:46:55|||normal,credits_priority_4,mshops,credits_profile,messages_as_seller
24|||137785150|||0||||||http://perfil.mercadolibre.com.ar/IMPORTADORA+D-LIP||||||2013-12-13 17:26:41|||normal,credits_profile,mshops,messages_as_seller
24|||279823349|||0||||||http://perfil.mercadolibre.com.ar/TECNO.HOMERO||||||2017-10-24 07:38:03|||normal,eshop,mshops,credits_profile,messages_as_seller
24|||122718331|||0||||||http://perfil.mercadolibre.com.ar/TIENDA+LOGI||||||2014-07-22 01:23:53|||normal,eshop,mshops,credits_profile,messages_as_seller
24|||698045872|||0||||||http://perfil.mercadolibre.com.ar/PIDA3566788||||||2021-01-06 18:12:45|||normal,credits_profile,messages_as_seller
24|||306379146|||0||||||http://perfil.mercadolibre.com.ar/GRUPO+101DB||||||2018-03-07 12:04:12|||normal,credits_profile,mshops,messages_as_seller
24|||47156637|||0||||||http://perfil.mercadolibre.com.ar/ALI+TRADE||||||2004-03-10 11:17:44|||normal,eshop,mshops,credits_profile,messages_as_seller
24|||47156637|||0||||||http://perfil.mercadolibre.com.ar/ALI+TRADE||||||2004-03-10 11:17:44|||normal,eshop,mshops,credits_profile,messages_as_seller
24|||111621|||0||||||http://perfil.mercadolibre.com.ar/WEST||||||1999-10-06 01:00:00|||normal,credits_priority_4,eshop,credits_profile,mshops,messages_as_seller
24|||360125356|||0||||||http://perfil.mercadolibre.com.ar/SEVEN+ELECTRONICS.||||||2018-10-04 10:44:51|||normal,credits_priority_2,credits_profile,mshops,messages_as_seller
24|||360125356|||0||||||http://perfil.mercadolibre.com.ar/SEVEN+ELECTRONICS.||||||2018-10-04 10:44:51|||normal,credits_priority_2,credits_profile,mshops,messages_as_seller
24|||360125356|||0||||||http://perfil.mercadolibre.com.ar/SEVEN+ELECTRONICS.||||||2018-10-04 10:44:51|||normal,credits_priority_2,credits_profile,mshops,messages_as_seller
24|||131648529|||0||||||http://perfil.mercadolibre.com.ar/PCCENTERCOMPUTERS||||||2013-01-10 10:50:15|||normal,eshop,medium_seller,credits_profile,messages_as_seller
24|||360125356|||0||||||http://perfil.mercadolibre.com.ar/SEVEN+ELECTRONICS.||||||2018-10-04 10:44:51|||normal,credits_priority_2,credits_profile,mshops,messages_as_seller
24|||28818416|||0||||||http://perfil.mercadolibre.com.ar/MALABIA+PILAS||||||2007-07-07 17:38:05|||normal,mshops,credits_profile,messages_as_seller
24|||44688530|||0||||||http://perfil.mercadolibre.com.ar/MANIACTOOLS||||||2008-02-13 12:30:32|||normal,credits_active_borrower,credits_profile,mshops,messages_as_seller
24|||115827196|||0||||||http://perfil.mercadolibre.com.ar/SOFIA+SMITH||||||2012-06-29 15:55:57|||normal,mshops,credits_profile,messages_as_seller
24|||784973472|||0||||||http://perfil.mercadolibre.com.ar/MININGSTORESRLMININGSTORES||||||2021-07-02 19:12:28|||normal,messages_as_seller
24|||360125356|||0||||||http://perfil.mercadolibre.com.ar/SEVEN+ELECTRONICS.||||||2018-10-04 10:44:51|||normal,credits_priority_2,credits_profile,mshops,messages_as_seller
24|||31448981|||0||||||http://perfil.mercadolibre.com.ar/MULTIHOGAR_TEMPERLEY||||||2010-07-29 13:08:32|||normal,credits_profile,mshops,messages_as_seller
24|||360125356|||0||||||http://perfil.mercadolibre.com.ar/SEVEN+ELECTRONICS.||||||2018-10-04 10:44:51|||normal,credits_priority_2,credits_profile,mshops,messages_as_seller
24|||784973472|||0||||||http://perfil.mercadolibre.com.ar/MININGSTORESRLMININGSTORES||||||2021-07-02 19:12:28|||normal,messages_as_seller
24|||8864765|||0||||||http://perfil.mercadolibre.com.ar/COMPUMANIAS||||||2002-04-08 01:00:00|||normal,eshop,mshops,credits_profile,messages_as_seller
24|||95299086|||0||||||http://perfil.mercadolibre.com.ar/TODOPARATUOFI||||||2009-12-04 16:50:45|||normal,mshops,credits_profile,messages_as_seller
24|||59359887|||0||||||http://perfil.mercadolibre.com.ar/CASA-DEL-SONIDO||||||2008-06-09 14:01:00|||normal,credits_priority_4,credits_profile,eshop,medium_seller_advanced,mshops,messages_as_seller
24|||185274763|||0||||||http://perfil.mercadolibre.com.ar/IGOR+GIANNI||||||2015-06-10 14:03:36|||normal,credits_profile,mshops,messages_as_seller
24|||264934748|||0||||||http://perfil.mercadolibre.com.ar/MASHARYSRL||||||2017-07-19 09:46:00|||normal,eshop,mshops,messages_as_seller
24|||762486247|||0||||||http://perfil.mercadolibre.com.ar/NORYELISPLACERES||||||2021-05-20 13:02:41|||normal,mshops,credits_profile,messages_as_seller
24|||150718965|||0||||||http://perfil.mercadolibre.com.ar/ARGENSHOP+BSAS||||||2013-12-11 14:25:19|||normal,eshop,mshops,credits_profile,messages_as_seller
24|||69541508|||0||||||http://perfil.mercadolibre.com.ar/TIENDA+DELTA||||||2011-09-15 18:48:50|||normal,eshop,mshops,medium_seller,credits_profile,messages_as_seller
24|||279736282|||0||||||http://perfil.mercadolibre.com.ar/SOLUZIONI+ONLINE||||||2017-10-23 17:51:36|||normal,credits_profile,eshop,mshops,messages_as_seller
24|||44688530|||0||||||http://perfil.mercadolibre.com.ar/MANIACTOOLS||||||2008-02-13 12:30:32|||normal,credits_active_borrower,credits_profile,mshops,messages_as_seller
24|||62281073|||0||||||http://perfil.mercadolibre.com.ar/CHINA+LIBRE||||||2008-12-18 14:55:23|||normal,credits_profile,messages_as_seller
24|||22828723|||0||||||http://perfil.mercadolibre.com.ar/ZONA.TECH.PALERMO||||||2010-01-23 16:33:36|||normal,credits_active_borrower,credits_profile,mshops,messages_as_seller
24|||220067697|||0||||||http://perfil.mercadolibre.com.ar/ELTIOVENDE.COM||||||2016-07-04 11:10:50|||normal,credits_priority_3,eshop,credits_profile,mshops,messages_as_seller
24|||207654925|||0||||||http://perfil.mercadolibre.com.ar/JUGUETITOS.ELECTRONICOS||||||2016-03-03 18:40:44|||normal,credits_priority_3,credits_profile,mshops,messages_as_seller
24|||546645693|||0||||||http://perfil.mercadolibre.com.ar/GROW-IN||||||2020-04-14 15:54:29|||normal,mshops,messages_as_seller
24|||112985029|||0||||||http://perfil.mercadolibre.com.ar/ALTO.IMPACTO||||||2012-05-11 16:44:47|||normal,credits_priority_4,eshop,mshops,credits_profile,messages_as_seller
24|||92758705|||0||||||http://perfil.mercadolibre.com.ar/AUTOUNO_SHOPWEB||||||2006-03-27 22:46:55|||normal,credits_priority_4,mshops,credits_profile,messages_as_seller
24|||45230252|||0||||||http://perfil.mercadolibre.com.ar/CLICKEA+IT||||||2011-02-07 12:32:34|||normal,eshop,mshops,credits_profile,messages_as_seller
24|||72679911|||0||||||http://perfil.mercadolibre.com.ar/JUL_MAR90||||||2009-04-10 12:47:40|||normal,credits_profile,messages_as_seller
24|||72679911|||0||||||http://perfil.mercadolibre.com.ar/JUL_MAR90||||||2009-04-10 12:47:40|||normal,credits_profile,messages_as_seller
24|||5846919|||0||||||http://perfil.mercadolibre.com.ar/DATASOFTOK||||||2007-02-26 15:28:04|||normal,eshop,medium_seller,messages_as_seller
24|||706885413|||0||||||http://perfil.mercadolibre.com.ar/SILICON+INFORMATICA||||||2021-01-26 13:01:38|||normal,eshop,mshops,credits_profile,messages_as_seller
24|||161008662|||0||||||http://perfil.mercadolibre.com.ar/ELBAZARDIGITAL||||||2014-06-18 11:41:09|||normal,eshop,developer,mshops,messages_as_seller
24|||96243585|||0||||||http://perfil.mercadolibre.com.ar/LIBERATE+TODO_A_PEDIDO||||||2006-07-11 11:47:43|||normal,eshop,messages_as_seller
24|||161008662|||0||||||http://perfil.mercadolibre.com.ar/ELBAZARDIGITAL||||||2014-06-18 11:41:09|||normal,eshop,developer,mshops,messages_as_seller
24|||388452240|||0||||||http://perfil.mercadolibre.com.ar/VIRTUAL+DIXSHOP||||||2018-12-20 09:39:33|||normal,eshop,mshops,credits_profile,messages_as_seller
24|||530758371|||0||||||http://perfil.mercadolibre.com.ar/DAVOS.COM.AR||||||2020-02-26 16:27:49|||normal,credits_profile,mshops,messages_as_seller
24|||44409083|||0||||||http://perfil.mercadolibre.com.ar/LEMIP||||||2008-02-09 17:40:59|||normal,credits_active_borrower,credits_profile,messages_as_seller
24|||81632356|||0||||||http://perfil.mercadolibre.com.ar/GOZ2005||||||2005-06-13 11:06:08|||credits_profile,normal,mshops,messages_as_seller,eshop
24|||135494073|||0||||||http://perfil.mercadolibre.com.ar/MEPBAHIA||||||2014-05-04 10:53:49|||normal,credits_open_market,mshops,credits_profile,messages_as_seller
24|||181314344|||0||||||http://perfil.mercadolibre.com.ar/ESTUDIOCASA||||||2015-04-15 21:46:05|||normal,credits_profile,mshops,messages_as_seller
24|||181153347|||0||||||http://perfil.mercadolibre.com.ar/DEFCON68||||||2015-04-13 19:34:42|||normal,credits_profile,messages_as_seller
24|||73429991|||0||||||http://perfil.mercadolibre.com.ar/SERENDIPIAS32||||||2004-07-26 13:01:08|||normal,credits_priority_4,credits_profile,messages_as_seller
24|||181314344|||0||||||http://perfil.mercadolibre.com.ar/ESTUDIOCASA||||||2015-04-15 21:46:05|||normal,credits_profile,mshops,messages_as_seller
24|||47413558|||0||||||http://perfil.mercadolibre.com.ar/CON+ASEMP||||||2008-03-25 11:52:04|||normal,credits_priority_4,credits_profile,mshops,messages_as_seller
24|||73429991|||0||||||http://perfil.mercadolibre.com.ar/SERENDIPIAS32||||||2004-07-26 13:01:08|||normal,credits_priority_4,credits_profile,messages_as_seller
24|||21564520|||0||||||http://perfil.mercadolibre.com.ar/SEO_JW||||||2003-04-29 01:00:00|||normal,credits_priority_2,credits_profile,messages_as_seller
24|||171487540|||0||||||http://perfil.mercadolibre.com.ar/EXPECTACI%C3%93N||||||2014-11-22 21:00:17|||normal,credits_priority_1,credits_profile,messages_as_seller
24|||23162816|||0||||||http://perfil.mercadolibre.com.ar/RIDERSPORTS||||||2003-06-04 01:00:00|||normal,messages_as_seller
24|||58785621|||0||||||http://perfil.mercadolibre.com.ar/KINTROB_DRA||||||2003-05-19 20:25:00|||normal,credits_profile,messages_as_seller
24|||292937983|||0||||||http://perfil.mercadolibre.com.ar/COMPUNOW01||||||2017-12-29 08:42:05|||normal,credits_profile,mshops,messages_as_seller
24|||52954487|||0||||||http://perfil.mercadolibre.com.ar/ASCARIXS||||||2008-08-06 20:09:08|||normal,credits_profile,messages_as_seller
24|||49460990|||0||||||http://perfil.mercadolibre.com.ar/AGL1903||||||2008-05-09 14:45:11|||normal,credits_profile,mshops,messages_as_seller
24|||796295172|||0||||||http://perfil.mercadolibre.com.ar/CARLOSMACLA||||||2021-07-24 10:31:37|||normal,credits_profile,messages_as_seller
24|||115485419|||0||||||http://perfil.mercadolibre.com.ar/CRJU6010862||||||2014-11-25 22:09:18|||normal,credits_profile,messages_as_seller
