604550|||0|||true|||MLA902122706|||cross_docking|||me2||||||mandatory_free_shipping|||17
604551|||0|||true|||MLA905619849|||cross_docking|||me2||||||mandatory_free_shipping|||17
604552|||0|||true|||MLA929733256|||drop_off|||me2||||||self_service_in,mandatory_free_shipping|||17
604553|||0|||true|||MLA925695443|||drop_off|||me2||||||mandatory_free_shipping|||17
604554|||0|||true|||MLA930674213|||drop_off|||me2||||||mandatory_free_shipping|||17
604555|||0|||true|||MLA925140531|||drop_off|||me2||||||mandatory_free_shipping|||17
604556|||0|||true|||MLA896949940|||drop_off|||me2||||||mandatory_free_shipping|||17
604557|||0|||true|||MLA918509452|||drop_off|||me2||||||mandatory_free_shipping|||17
604558|||0|||true|||MLA933658849|||drop_off|||me2||||||mandatory_free_shipping|||17
604559|||0|||true|||MLA805080676|||drop_off|||me2||||||mandatory_free_shipping|||17
604560|||0|||true|||MLA886744525|||xd_drop_off|||me2||||||self_service_in,mandatory_free_shipping|||17
604561|||0|||true|||MLA927676157|||cross_docking|||me2||||||self_service_in,mandatory_free_shipping|||17
604562|||0|||true|||MLA931457013|||drop_off|||me2||||||mandatory_free_shipping|||17
604563|||0|||true|||MLA909650844|||drop_off|||me2||||||mandatory_free_shipping|||17
604564|||0|||true|||MLA935378784|||drop_off|||me2||||||mandatory_free_shipping|||17
604565|||0|||true|||MLA932680744|||drop_off|||me2||||||mandatory_free_shipping|||17
604566|||0|||true|||MLA913744874|||drop_off|||me2||||||mandatory_free_shipping|||17
604567|||0|||true|||MLA934814604|||drop_off|||me2||||||mandatory_free_shipping|||17
604568|||0|||true|||MLA873522864|||drop_off|||me2||||||mandatory_free_shipping|||17
604569|||0|||true|||MLA885741671|||xd_drop_off|||me2||||||mandatory_free_shipping|||17
604570|||0|||true|||MLA929168254|||drop_off|||me2||||||mandatory_free_shipping|||17
604571|||0|||true|||MLA926841762|||xd_drop_off|||me2||||||mandatory_free_shipping|||17
604572|||0|||true|||MLA926843446|||xd_drop_off|||me2||||||mandatory_free_shipping|||17
604573|||0|||true|||MLA929733865|||drop_off|||me2||||||self_service_in,mandatory_free_shipping|||17
604574|||0|||true|||MLA919071698|||drop_off|||me2||||||mandatory_free_shipping|||17
604575|||0|||true|||MLA905311642|||drop_off|||me2||||||mandatory_free_shipping|||17
604576|||0|||true|||MLA824157404|||drop_off|||me2||||||mandatory_free_shipping|||17
604577|||0|||true|||MLA916643793|||drop_off|||me2||||||mandatory_free_shipping|||17
604578|||0|||true|||MLA900077572|||drop_off|||me2||||||mandatory_free_shipping|||17
604579|||0|||true|||MLA916554365|||drop_off|||me2||||||mandatory_free_shipping|||17
604580|||0|||true|||MLA923952546|||drop_off|||me2||||||mandatory_free_shipping|||17
604581|||0|||true|||MLA923953312|||drop_off|||me2||||||mandatory_free_shipping|||17
604582|||0|||true|||MLA923955282|||drop_off|||me2||||||mandatory_free_shipping|||17
604583|||0|||true|||MLA914770975|||drop_off|||me2||||||mandatory_free_shipping|||17
604584|||0|||true|||MLA897779279|||drop_off|||me2||||||mandatory_free_shipping|||17
604585|||0|||true|||MLA906265339|||drop_off|||me2||||||mandatory_free_shipping|||17
604586|||0|||true|||MLA926843361|||xd_drop_off|||me2||||||mandatory_free_shipping|||17
604587|||0|||true|||MLA900703876|||cross_docking|||me2||||||mandatory_free_shipping|||17
604588|||0|||true|||MLA923953687|||drop_off|||me2||||||mandatory_free_shipping|||17
604589|||0|||true|||MLA874914588|||drop_off|||me2||||||mandatory_free_shipping|||17
604590|||0|||true|||MLA874804591|||xd_drop_off|||me2||||||mandatory_free_shipping|||17
604591|||0|||true|||MLA899538162|||xd_drop_off|||me2||||||mandatory_free_shipping|||17
604592|||0|||true|||MLA899536668|||xd_drop_off|||me2||||||mandatory_free_shipping|||17
604593|||0|||true|||MLA899537446|||xd_drop_off|||me2||||||mandatory_free_shipping|||17
604594|||0|||true|||MLA874908799|||drop_off|||me2||||||mandatory_free_shipping|||17
604595|||0|||true|||MLA901503166|||drop_off|||me2||||||mandatory_free_shipping|||17
604596|||0|||true|||MLA910146691|||drop_off|||me2||||||mandatory_free_shipping|||17
604597|||0|||true|||MLA899535182|||xd_drop_off|||me2||||||mandatory_free_shipping|||17
604598|||0|||true|||MLA899537744|||xd_drop_off|||me2||||||mandatory_free_shipping|||17
604599|||0|||true|||MLA912039309|||drop_off|||me2||||||mandatory_free_shipping|||17
604600|||0||||||MLA933411001|||drop_off|||me2|||||||||17
604601|||0||||||MLA929145021|||drop_off|||me2|||||||||17
604602|||0|||true|||MLA884178686|||drop_off|||me2|||||||||17
604603|||0||||||MLA898987596|||drop_off|||me2|||||||||17
604604|||0|||true|||MLA926844060|||xd_drop_off|||me2||||||mandatory_free_shipping|||17
604605|||0||||||MLA932418986|||cross_docking|||me2||||||self_service_out|||17
604606|||0||||||MLA927282806|||xd_drop_off|||me2|||||||||17
604607|||0||||||MLA926428933|||xd_drop_off|||me2|||||||||17
604608|||0||||||MLA929168939|||xd_drop_off|||me2|||||||||17
604609|||0|||true|||MLA899794136|||xd_drop_off|||me2|||||||||17
604610|||0||||||MLA922350769|||xd_drop_off|||me2||||||self_service_in|||17
604611|||0||||||MLA913115131|||xd_drop_off|||me2|||||||||17
604612|||0||||||MLA909994145|||xd_drop_off|||me2|||||||||17
604613|||0||||||MLA933550336|||xd_drop_off|||me2|||||||||17
604614|||0||||||MLA935258298|||xd_drop_off|||me2|||||||||17
604615|||0|||true|||MLA919496715|||xd_drop_off|||me2|||||||||17
604616|||0||||||MLA933369372|||xd_drop_off|||me2|||||||||17
604617|||0||||||MLA935164981|||xd_drop_off|||me2|||||||||17
604618|||0|||true|||MLA934325220|||xd_drop_off|||me2|||||||||17
604619|||0||||||MLA913896962|||xd_drop_off|||me2|||||||||17
604620|||0|||true|||MLA923390349|||xd_drop_off|||me2|||||||||17
604621|||0||||||MLA908384437|||xd_drop_off|||me2|||||||||17
604622|||0||||||MLA921105268|||drop_off|||me2|||||||||17
604623|||0|||true|||MLA884296398|||xd_drop_off|||me2|||||||||17
604624|||0||||||MLA926729647|||xd_drop_off|||me2|||||||||17
604625|||0||||||MLA931015101|||xd_drop_off|||me2|||||||||17
604626|||0|||true|||MLA923375917|||xd_drop_off|||me2|||||||||17
604627|||0||||||MLA898135279|||xd_drop_off|||me2|||||||||17
604628|||0|||true|||MLA923096509|||xd_drop_off|||me2||||||self_service_in|||17
604629|||0||||||MLA929519640|||drop_off|||me2|||||||||17
604630|||0|||true|||MLA932538228|||xd_drop_off|||me2|||||||||17
604631|||0|||true|||MLA866415344|||xd_drop_off|||me2|||||||||17
604632|||0|||true|||MLA917094784|||xd_drop_off|||me2|||||||||17
604633|||0|||true|||MLA920903182|||xd_drop_off|||me2|||||||||17
604634|||0|||true|||MLA827019976|||xd_drop_off|||me2|||||||||17
604635|||0||||||MLA930875557|||xd_drop_off|||me2|||||||||17
604636|||0|||true|||MLA921235754|||xd_drop_off|||me2|||||||||17
604637|||0||||||MLA853650712|||xd_drop_off|||me2|||||||||17
604638|||0|||true|||MLA906964801|||xd_drop_off|||me2|||||||||17
604639|||0||||||MLA915196807|||xd_drop_off|||me2|||||||||17
604640|||0|||true|||MLA923081399|||xd_drop_off|||me2|||||||||17
604641|||0|||true|||MLA898283106|||xd_drop_off|||me2|||||||||17
604642|||0||||||MLA913484892|||drop_off|||me2|||||||||17
604643|||0|||true|||MLA930289688|||xd_drop_off|||me2|||||||||17
604644|||0||||||MLA905025898|||xd_drop_off|||me2|||||||||17
604645|||0|||true|||MLA929990774|||xd_drop_off|||me2|||||||||17
604646|||0|||true|||MLA927638079|||xd_drop_off|||me2|||||||||17
604647|||0||||||MLA920900943|||xd_drop_off|||me2|||||||||17
604648|||0|||true|||MLA927638079|||xd_drop_off|||me2|||||||||17
604649|||0||||||MLA920900943|||xd_drop_off|||me2|||||||||17
604650|||0|||true|||MLA928293668|||xd_drop_off|||me2|||||||||17
604651|||0||||||MLA933437012|||drop_off|||me2|||||||||17
604652|||0||||||MLA935139283|||xd_drop_off|||me2|||||||||17
604653|||0|||true|||MLA883460261|||xd_drop_off|||me2|||||||||17
604654|||0||||||MLA873002576|||xd_drop_off|||me2|||||||||17
604655|||0||||||MLA930704232|||xd_drop_off|||me2|||||||||17
604656|||0||||||MLA908138311|||xd_drop_off|||me2|||||||||17
604657|||0|||true|||MLA933609491|||xd_drop_off|||me2|||||||||17
604658|||0||||||MLA919762189|||xd_drop_off|||me2|||||||||17
604659|||0|||true|||MLA931154809|||xd_drop_off|||me2|||||||||17
604660|||0||||||MLA932579715|||xd_drop_off|||me2|||||||||17
604661|||0|||true|||MLA914337060|||xd_drop_off|||me2|||||||||17
604662|||0||||||MLA911204267|||xd_drop_off|||me2|||||||||17
604663|||0|||true|||MLA908878383|||xd_drop_off|||me2|||||||||17
604664|||0||||||MLA878537599|||xd_drop_off|||me2|||||||||17
604665|||0||||||MLA875159146|||xd_drop_off|||me2|||||||||17
604666|||0||||||MLA929585284|||xd_drop_off|||me2|||||||||17
604667|||0|||true|||MLA923939787|||xd_drop_off|||me2|||||||||17
604668|||0||||||MLA900919457|||drop_off|||me2|||||||||17
604669|||0|||true|||MLA926575120|||xd_drop_off|||me2|||||||||17
604670|||0||||||MLA934573628|||drop_off|||me2|||||||||17
604671|||0||||||MLA925137936|||xd_drop_off|||me2|||||||||17
604672|||0||||||MLA910014309|||xd_drop_off|||me2|||||||||17
604673|||0|||true|||MLA918824067|||xd_drop_off|||me2|||||||||17
604674|||0||||||MLA925038205|||xd_drop_off|||me2|||||||||17
604675|||0||||||MLA910129424|||xd_drop_off|||me2||||||self_service_in|||17
604676|||0||||||MLA935217257|||xd_drop_off|||me2|||||||||17
604677|||0||||||MLA924812384|||drop_off|||me2|||||||||17
604678|||0||||||MLA898856460|||xd_drop_off|||me2|||||||||17
604679|||0|||true|||MLA909276539|||xd_drop_off|||me2|||||||||17
604680|||0||||||MLA907552531|||drop_off|||me2|||||||||17
604681|||0|||true|||MLA912903509|||drop_off|||me2|||||||||17
604682|||0|||true|||MLA922035130|||xd_drop_off|||me2|||||||||17
604683|||0||||||MLA873916351|||drop_off|||me2|||||||||17
604684|||0|||true|||MLA898437318|||xd_drop_off|||me2|||||||||17
604685|||0||||||MLA911989119|||drop_off|||me2|||||||||17
604686|||0||||||MLA876650228|||xd_drop_off|||me2|||||||||17
604687|||0|||true|||MLA907880424|||xd_drop_off|||me2|||||||||17
604688|||0|||true|||MLA919671051|||xd_drop_off|||me2|||||||||17
604689|||0||||||MLA903890180|||xd_drop_off|||me2|||||||||17
604690|||0||||||MLA872431228|||xd_drop_off|||me2|||||||||17
604691|||0|||true|||MLA919314466|||xd_drop_off|||me2|||||||||17
604692|||0||||||MLA908404043|||xd_drop_off|||me2|||||||||17
604693|||0||||||MLA872429762|||xd_drop_off|||me2|||||||||17
604694|||0||||||MLA926765574|||xd_drop_off|||me2|||||||||17
604695|||0|||true|||MLA930136261|||xd_drop_off|||me2|||||||||17
604696|||0|||true|||MLA919761713|||xd_drop_off|||me2|||||||||17
604697|||0|||true|||MLA933759859|||xd_drop_off|||me2|||||||||17
604698|||0||||||MLA935265764|||xd_drop_off|||me2|||||||||17
604699|||0||||||MLA910192677|||xd_drop_off|||me2|||||||||17
604700|||0|||true|||MLA933760344|||xd_drop_off|||me2|||||||||17
604701|||0||||||MLA935285216|||xd_drop_off|||me2|||||||||17
604702|||0||||||MLA920035470|||xd_drop_off|||me2|||||||||17
604703|||0|||true|||MLA929831392|||drop_off|||me2|||||||||17
604704|||0||||||MLA919664087|||xd_drop_off|||me2|||||||||17
604705|||0||||||MLA912403704|||drop_off|||me2|||||||||17
604706|||0||||||MLA934434683|||drop_off|||me2|||||||||17
604707|||0|||true|||MLA928929895|||drop_off|||me2|||||||||17
604708|||0|||true|||MLA933487509|||drop_off|||me2|||||||||17
604709|||0|||true|||MLA932638048|||drop_off|||me2|||||||||17
604710|||0||||||MLA912707839|||drop_off|||me2|||||||||17
604711|||0||||||MLA907252426|||drop_off|||me2|||||||||17
604712|||0||||||MLA924213247|||drop_off|||me2|||||||||17
604713|||0||||||MLA901528636|||drop_off|||me2|||||||||17
604714|||0|||true|||MLA919337692|||drop_off|||me2|||||||||17
604715|||0|||true|||MLA923616126|||drop_off|||me2|||||||||17
604716|||0|||true|||MLA932226710|||drop_off|||me2|||||||||17
604717|||0||||||MLA866960411|||drop_off|||me2|||||||||17
604718|||0||||||MLA911336795|||drop_off|||me2|||||||||17
604719|||0||||||MLA922330087|||drop_off|||me2|||||||||17
604720|||0||||||MLA918853658|||drop_off|||me2|||||||||17
604721|||0||||||MLA906348413|||drop_off|||me2|||||||||17
604722|||0||||||MLA914403173|||drop_off|||me2|||||||||17
604723|||0|||true|||MLA895927634|||drop_off|||me2|||||||||17
604724|||0|||true|||MLA912206420|||drop_off|||me2|||||||||17
604725|||0|||true|||MLA928164494|||drop_off|||me2|||||||||17
604726|||0|||true|||MLA932251905|||drop_off|||me2|||||||||17
604727|||0||||||MLA928238053|||drop_off|||me2|||||||||17
604728|||0|||true|||MLA931469161|||drop_off|||me2|||||||||17
604729|||0|||true|||MLA923703609|||drop_off|||me2||||||self_service_in|||17
604730|||0|||true|||MLA875701219|||drop_off|||me2|||||||||17
604731|||0||||||MLA867404257|||drop_off|||me2|||||||||17
604732|||0|||true|||MLA910424351|||drop_off|||me2|||||||||17
604733|||0||||||MLA933058786|||drop_off|||me2|||||||||17
604734|||0||||||MLA874630138|||drop_off|||me2|||||||||17
604735|||0||||||MLA906914945|||drop_off|||me2|||||||||17
604736|||0||||||MLA876213915|||drop_off|||me2|||||||||17
604737|||0|||true|||MLA929183970|||drop_off|||me2|||||||||17
604738|||0||||||MLA935341839|||drop_off|||me2|||||||||17
604739|||0|||true|||MLA933318416|||drop_off|||me2|||||||||17
604740|||0|||true|||MLA923048169|||drop_off|||me2|||||||||17
604741|||0|||true|||MLA924404658|||drop_off|||me2|||||||||17
604742|||0|||true|||MLA927599956|||drop_off|||me2|||||||||17
604743|||0|||true|||MLA933332657|||drop_off|||me2|||||||||17
604744|||0|||true|||MLA931239262|||drop_off|||me2|||||||||17
604745|||0|||true|||MLA917956817|||drop_off|||me2|||||||||17
604746|||0|||true|||MLA921941805|||drop_off|||me2|||||||||17
604747|||0|||true|||MLA881090663|||drop_off|||me2|||||||||17
604748|||0|||true|||MLA918604624|||drop_off|||me2|||||||||17
604749|||0||||||MLA876240072|||drop_off|||me2|||||||||17
604750|||0||||||MLA929179738|||drop_off|||me2|||||||||17
604751|||0|||true|||MLA927177134|||drop_off|||me2|||||||||17
604752|||0|||true|||MLA930048541|||drop_off|||me2|||||||||17
604753|||0|||true|||MLA916049069|||drop_off|||me2|||||||||17
604754|||0||||||MLA910726375|||drop_off|||me2|||||||||17
604755|||0||||||MLA907463117|||drop_off|||me2|||||||||17
604756|||0||||||MLA934908057|||drop_off|||me2|||||||||17
604757|||0||||||MLA926565127|||drop_off|||me2|||||||||17
604758|||0||||||MLA907184989|||drop_off|||me2|||||||||17
604759|||0|||true|||MLA914439536|||drop_off|||me2|||||||||17
604760|||0|||true|||MLA923624815|||drop_off|||me2|||||||||17
604761|||0||||||MLA1100046985|||drop_off|||me2|||||||||17
604762|||0||||||MLA909132021|||drop_off|||me2|||||||||17
604763|||0|||true|||MLA912988064|||drop_off|||me2|||||||||17
604764|||0|||true|||MLA934246642|||drop_off|||me2|||||||||17
604765|||0|||true|||MLA842011747|||drop_off|||me2|||||||||17
604766|||0|||true|||MLA914798910|||drop_off|||me2|||||||||17
604767|||0||||||MLA918824188|||drop_off|||me2|||||||||17
604768|||0||||||MLA906385127|||drop_off|||me2|||||||||17
604769|||0||||||MLA913820789|||drop_off|||me2|||||||||17
604770|||0||||||MLA930860971|||drop_off|||me2|||||||||17
604771|||0|||true|||MLA906553929|||drop_off|||me2|||||||||17
604772|||0||||||MLA930953509|||drop_off|||me2|||||||||17
604773|||0|||true|||MLA920862145|||drop_off|||me2|||||||||17
604774|||0||||||MLA833270328|||drop_off|||me2|||||||||17
604775|||0|||true|||MLA923972164|||drop_off|||me2|||||||||17
604776|||0||||||MLA929979362|||drop_off|||me2|||||||||17
604777|||0|||true|||MLA903834279|||drop_off|||me2|||||||||17
604778|||0|||true|||MLA933217245|||drop_off|||me2|||||||||17
604779|||0|||true|||MLA906309272|||drop_off|||me2|||||||||17
604780|||0|||true|||MLA921883428|||drop_off|||me2|||||||||17
604781|||0||||||MLA866784568|||drop_off|||me2|||||||||17
604782|||0||||||MLA900620193|||drop_off|||me2|||||||||17
604783|||0||||||MLA926035513|||drop_off|||me2|||||||||17
604784|||0|||true|||MLA930155173|||drop_off|||me2|||||||||17
604785|||0||||||MLA915654399|||drop_off|||me2|||||||||17
604786|||0||||||MLA923976976|||drop_off|||me2|||||||||17
604787|||0|||true|||MLA932442589|||drop_off|||me2|||||||||17
604788|||0|||true|||MLA907412657|||drop_off|||me2|||||||||17
604789|||0|||true|||MLA908601141|||drop_off|||me2|||||||||17
604790|||0||||||MLA916960893|||drop_off|||me2|||||||||17
604791|||0|||true|||MLA930985348|||drop_off|||me2|||||||||17
604792|||0||||||MLA930829470|||drop_off|||me2|||||||||17
604793|||0|||true|||MLA929844225|||drop_off|||me2|||||||||17
604794|||0||||||MLA922203935|||drop_off|||me2|||||||||17
604795|||0||||||MLA902467343|||drop_off|||me2|||||||||17
604796|||0|||true|||MLA911288155|||drop_off|||me2|||||||||17
604797|||0|||true|||MLA927452502|||drop_off|||me2|||||||||17
604798|||0|||true|||MLA931450745|||drop_off|||me2|||||||||17
604799|||0|||true|||MLA931950097|||drop_off|||me2|||||||||17
604800|||0|||true|||MLA897566750|||drop_off|||me2|||||||||17
604801|||0|||true|||MLA932506255|||drop_off|||me2|||||||||17
604802|||0|||true|||MLA931596758|||drop_off|||me2|||||||||17
604803|||0|||true|||MLA933796457|||drop_off|||me2|||||||||17
604804|||0||||||MLA933343409|||drop_off|||me2|||||||||17
604805|||0|||true|||MLA934827636|||drop_off|||me2|||||||||17
604806|||0|||true|||MLA924539620|||drop_off|||me2|||||||||17
604807|||0||||||MLA877340452|||drop_off|||me2|||||||||17
604808|||0||||||MLA912680349|||drop_off|||me2|||||||||17
604809|||0|||true|||MLA918564351|||drop_off|||me2|||||||||17
604810|||0|||true|||MLA883463835|||drop_off|||me2|||||||||17
604811|||0||||||MLA929301112|||drop_off|||me2|||||||||17
604812|||0|||true|||MLA932441763|||drop_off|||me2|||||||||17
604813|||0|||true|||MLA923016084|||drop_off|||me2|||||||||17
604814|||0||||||MLA866673554|||drop_off|||me2|||||||||17
604815|||0|||true|||MLA922127673|||drop_off|||me2|||||||||17
604816|||0||||||MLA916634248|||drop_off|||me2|||||||||17
604817|||0|||true|||MLA921690682|||drop_off|||me2|||||||||17
604818|||0||||||MLA925727083|||drop_off|||me2|||||||||17
604819|||0||||||MLA880735596|||drop_off|||me2|||||||||17
604820|||0|||true|||MLA907281574|||drop_off|||me2|||||||||17
604821|||0|||true|||MLA931452049|||drop_off|||me2|||||||||17
604822|||0|||true|||MLA915831277|||drop_off|||me2|||||||||17
604823|||0||||||MLA885372401|||drop_off|||me2|||||||||17
604824|||0|||true|||MLA873171989|||drop_off|||me2|||||||||17
604825|||0||||||MLA923741805|||drop_off|||me2|||||||||17
604826|||0|||true|||MLA931608064|||drop_off|||me2|||||||||17
604827|||0|||true|||MLA908331615|||drop_off|||me2|||||||||17
604828|||0|||true|||MLA926080721|||drop_off|||me2|||||||||17
604829|||0||||||MLA934553496|||drop_off|||me2|||||||||17
604830|||0||||||MLA908253269|||drop_off|||me2|||||||||17
604831|||0||||||MLA929480428|||drop_off|||me2|||||||||17
604832|||0|||true|||MLA933718882|||drop_off|||me2|||||||||17
604833|||0|||true|||MLA920396455|||drop_off|||me2|||||||||17
604834|||0||||||MLA899765848|||drop_off|||me2|||||||||17
604835|||0|||true|||MLA918854296|||drop_off|||me2|||||||||17
604836|||0||||||MLA927952862|||drop_off|||me2|||||||||17
604837|||0|||true|||MLA895861206|||drop_off|||me2|||||||||17
604838|||0|||true|||MLA934525031|||drop_off|||me2|||||||||17
604839|||0|||true|||MLA929013094|||drop_off|||me2|||||||||17
604840|||0|||true|||MLA914308122|||drop_off|||me2|||||||||17
604841|||0||||||MLA885492247|||drop_off|||me2|||||||||17
604842|||0|||true|||MLA917209111|||drop_off|||me2|||||||||17
604843|||0||||||MLA929330170|||drop_off|||me2|||||||||17
604844|||0||||||MLA896548617|||drop_off|||me2|||||||||17
604845|||0||||||MLA924338652|||drop_off|||me2|||||||||17
604846|||0|||true|||MLA863726211|||drop_off|||me2|||||||||17
604847|||0||||||MLA906548561|||drop_off|||me2|||||||||17
604848|||0|||true|||MLA922137505|||drop_off|||me2|||||||||17
604849|||0||||||MLA927710195|||drop_off|||me2|||||||||17
604850|||0|||true|||MLA915020957|||drop_off|||me2|||||||||17
604851|||0|||true|||MLA921995153|||drop_off|||me2|||||||||17
604852|||0||||||MLA926619588|||drop_off|||me2|||||||||17
604853|||0|||true|||MLA924006046|||drop_off|||me2|||||||||17
604854|||0||||||MLA928121984|||drop_off|||me2|||||||||17
604855|||0|||true|||MLA906717157|||drop_off|||me2|||||||||17
604856|||0||||||MLA926698161|||drop_off|||me2|||||||||17
604857|||0||||||MLA929079238|||drop_off|||me2|||||||||17
604858|||0||||||MLA929774940|||drop_off|||me2|||||||||17
604859|||0|||true|||MLA907181560|||drop_off|||me2|||||||||17
604860|||0|||true|||MLA911178205|||drop_off|||me2|||||||||17
604861|||0|||true|||MLA882321068|||drop_off|||me2|||||||||17
604862|||0|||true|||MLA918861674|||drop_off|||me2|||||||||17
604863|||0|||true|||MLA866960942|||drop_off|||me2|||||||||17
604864|||0|||true|||MLA924376396|||drop_off|||me2|||||||||17
604865|||0|||true|||MLA922312836|||drop_off|||me2|||||||||17
604866|||0|||true|||MLA922236062|||drop_off|||me2|||||||||17
604867|||0|||true|||MLA931034885|||drop_off|||me2|||||||||17
604868|||0||||||MLA925816404|||drop_off|||me2|||||||||17
604869|||0|||true|||MLA921565376|||drop_off|||me2|||||||||17
604870|||0|||true|||MLA919804586|||drop_off|||me2|||||||||17
604871|||0|||true|||MLA926473697|||drop_off|||me2|||||||||17
604872|||0|||true|||MLA921565318|||drop_off|||me2|||||||||17
604873|||0|||true|||MLA907224780|||drop_off|||me2|||||||||17
604874|||0||||||MLA902263981|||drop_off|||me2|||||||||17
604875|||0|||true|||MLA912963369|||drop_off|||me2|||||||||17
604876|||0|||true|||MLA924376756|||drop_off|||me2|||||||||17
604877|||0|||true|||MLA835811315|||drop_off|||me2|||||||||17
604878|||0|||true|||MLA883570429|||drop_off|||me2|||||||||17
604879|||0||||||MLA916830474|||drop_off|||me2|||||||||17
604880|||0|||true|||MLA879599797|||drop_off|||me2|||||||||17
604881|||0||||||MLA926859527|||drop_off|||me2|||||||||17
604882|||0||||||MLA919364823|||drop_off|||me2|||||||||17
604883|||0|||true|||MLA909602730|||drop_off|||me2|||||||||17
604884|||0|||true|||MLA911030254|||drop_off|||me2|||||||||17
604885|||0||||||MLA901272934|||drop_off|||me2|||||||||17
604886|||0|||true|||MLA870023412|||drop_off|||me2|||||||||17
604887|||0|||true|||MLA911301613|||drop_off|||me2|||||||||17
604888|||0||||||MLA924429025|||drop_off|||me2|||||||||17
604889|||0|||true|||MLA881197469|||drop_off|||me2|||||||||17
604890|||0|||true|||MLA907542611|||drop_off|||me2|||||||||17
604891|||0|||true|||MLA919288319|||drop_off|||me2|||||||||17
604892|||0||||||MLA881050747|||drop_off|||me2|||||||||17
604893|||0|||true|||MLA912939995|||drop_off|||me2|||||||||17
604894|||0|||true|||MLA914421995|||drop_off|||me2|||||||||17
604895|||0|||true|||MLA927015205|||drop_off|||me2|||||||||17
604896|||0||||||MLA907953285|||drop_off|||me2|||||||||17
604897|||0||||||MLA918946343|||drop_off|||me2|||||||||17
604898|||0|||true|||MLA874115956|||drop_off|||me2|||||||||17
604899|||0|||true|||MLA882427596|||drop_off|||me2|||||||||17
604900|||0||||||MLA852977609|||drop_off|||me2|||||||||17
604901|||0||||||MLA904590777|||drop_off|||me2|||||||||17
604902|||0||||||MLA872778612|||drop_off|||me2|||||||||17
604903|||0|||true|||MLA910422605|||drop_off|||me2|||||||||17
604904|||0|||true|||MLA925636278|||drop_off|||me2|||||||||17
604905|||0||||||MLA858221558|||drop_off|||me2|||||||||17
604906|||0|||true|||MLA868793050|||drop_off|||me2|||||||||17
604907|||0||||||MLA897543214|||drop_off|||me2|||||||||17
604908|||0|||true|||MLA900678386|||drop_off|||me2|||||||||17
604909|||0|||true|||MLA904705136|||drop_off|||me2|||||||||17
604910|||0|||true|||MLA905554975|||drop_off|||me2|||||||||17
604911|||0||||||MLA870940949|||drop_off|||me2|||||||||17
604912|||0|||true|||MLA874409754|||drop_off|||me2|||||||||17
604913|||0|||true|||MLA926533620|||drop_off|||me2|||||||||17
604914|||0||||||MLA933514207|||drop_off|||me2|||||||||17
604915|||0|||true|||MLA897965839|||drop_off|||me2|||||||||17
604916|||0||||||MLA914360875|||drop_off|||me2|||||||||17
604917|||0|||true|||MLA915737818|||drop_off|||me2|||||||||17
604918|||0|||true|||MLA916782244|||drop_off|||me2|||||||||17
604919|||0|||true|||MLA919780814|||drop_off|||me2|||||||||17
604920|||0|||true|||MLA921827660|||drop_off|||me2|||||||||17
604921|||0||||||MLA922688299|||drop_off|||me2|||||||||17
604922|||0||||||MLA930976816|||drop_off|||me2|||||||||17
604923|||0|||true|||MLA932273952|||drop_off|||me2|||||||||17
604924|||0||||||MLA908469839|||drop_off|||me2|||||||||17
604925|||0||||||MLA911279852|||drop_off|||me2|||||||||17
604926|||0||||||MLA919191339|||drop_off|||me2|||||||||17
604927|||0|||true|||MLA930399657|||drop_off|||me2|||||||||17
604928|||0|||true|||MLA912837473|||drop_off|||me2|||||||||17
604929|||0|||true|||MLA930848086|||drop_off|||me2|||||||||17
604930|||0|||true|||MLA912076646|||drop_off|||me2|||||||||17
604931|||0||||||MLA912796349|||drop_off|||me2|||||||||17
604932|||0||||||MLA919070967|||drop_off|||me2|||||||||17
604933|||0|||true|||MLA919521191|||drop_off|||me2|||||||||17
604934|||0|||true|||MLA920354450|||drop_off|||me2|||||||||17
604935|||0|||true|||MLA920794504|||drop_off|||me2|||||||||17
604936|||0||||||MLA921973427|||drop_off|||me2|||||||||17
604937|||0|||true|||MLA934427321|||drop_off|||me2|||||||||17
604938|||0||||||MLA863462820|||drop_off|||me2|||||||||17
604939|||0||||||MLA867222276|||drop_off|||me2|||||||||17
604940|||0|||true|||MLA883160339|||drop_off|||me2|||||||||17
604941|||0|||true|||MLA924329707|||drop_off|||me2|||||||||17
604942|||0|||true|||MLA926639308|||drop_off|||me2|||||||||17
604943|||0|||true|||MLA930371006|||drop_off|||me2|||||||||17
604944|||0|||true|||MLA908707859|||drop_off|||me2|||||||||17
604945|||0||||||MLA914546907|||drop_off|||me2|||||||||17
604946|||0||||||MLA926477158|||drop_off|||me2|||||||||17
604947|||0|||true|||MLA928638648|||drop_off|||me2|||||||||17
604948|||0|||true|||MLA931233693|||drop_off|||me2|||||||||17
604949|||0|||true|||MLA874812917|||drop_off|||me2|||||||||17
604950|||0||||||MLA876230935|||drop_off|||me2|||||||||17
604951|||0||||||MLA877340417|||drop_off|||me2|||||||||17
604952|||0|||true|||MLA877868475|||drop_off|||me2|||||||||17
604953|||0||||||MLA879746845|||drop_off|||me2|||||||||17
604954|||0||||||MLA904631677|||drop_off|||me2|||||||||17
604955|||0||||||MLA908724157|||drop_off|||me2|||||||||17
604956|||0||||||MLA913820357|||drop_off|||me2|||||||||17
604957|||0|||true|||MLA918780206|||drop_off|||me2|||||||||17
604958|||0||||||MLA919247482|||drop_off|||me2|||||||||17
604959|||0||||||MLA919439155|||drop_off|||me2|||||||||17
604960|||0|||true|||MLA920871085|||drop_off|||me2|||||||||17
604961|||0||||||MLA922965160|||drop_off|||me2|||||||||17
604962|||0||||||MLA929188139|||drop_off|||me2|||||||||17
604963|||0|||true|||MLA933984331|||drop_off|||me2|||||||||17
604964|||0||||||MLA865745606|||drop_off|||me2|||||||||17
604965|||0||||||MLA882613012|||drop_off|||me2|||||||||17
604966|||0||||||MLA897646678|||drop_off|||me2|||||||||17
604967|||0|||true|||MLA906721596|||drop_off|||me2|||||||||17
604968|||0||||||MLA908249052|||drop_off|||me2|||||||||17
604969|||0||||||MLA909990154|||drop_off|||me2|||||||||17
604970|||0||||||MLA910868968|||drop_off|||me2|||||||||17
604971|||0|||true|||MLA916097696|||drop_off|||me2|||||||||17
604972|||0||||||MLA917900432|||drop_off|||me2|||||||||17
604973|||0|||true|||MLA920707057|||drop_off|||me2|||||||||17
604974|||0||||||MLA922354604|||drop_off|||me2|||||||||17
604975|||0|||true|||MLA922700905|||drop_off|||me2|||||||||17
604976|||0||||||MLA923699788|||drop_off|||me2|||||||||17
604977|||0||||||MLA925315923|||drop_off|||me2|||||||||17
604978|||0||||||MLA926753003|||drop_off|||me2|||||||||17
604979|||0||||||MLA927621611|||drop_off|||me2|||||||||17
604980|||0||||||MLA928412084|||drop_off|||me2|||||||||17
604981|||0|||true|||MLA930065012|||drop_off|||me2|||||||||17
604982|||0|||true|||MLA931108770|||drop_off|||me2|||||||||17
604983|||0||||||MLA868844008|||drop_off|||me2|||||||||17
604984|||0||||||MLA875260198|||drop_off|||me2|||||||||17
604985|||0||||||MLA885350850|||drop_off|||me2|||||||||17
604986|||0||||||MLA897323672|||drop_off|||me2|||||||||17
604987|||0||||||MLA899068108|||drop_off|||me2|||||||||17
604988|||0||||||MLA910974327|||drop_off|||me2|||||||||17
604989|||0||||||MLA911744316|||drop_off|||me2|||||||||17
604990|||0|||true|||MLA913064001|||drop_off|||me2|||||||||17
604991|||0|||true|||MLA914145238|||drop_off|||me2|||||||||17
604992|||0|||true|||MLA914900102|||drop_off|||me2|||||||||17
604993|||0|||true|||MLA917743316|||drop_off|||me2|||||||||17
604994|||0|||true|||MLA921278508|||drop_off|||me2|||||||||17
604995|||0|||true|||MLA922157173|||drop_off|||me2|||||||||17
604996|||0||||||MLA924300746|||drop_off|||me2|||||||||17
604997|||0|||true|||MLA926103293|||drop_off|||me2|||||||||17
604998|||0||||||MLA934201244|||drop_off|||me2|||||||||17
604999|||0|||true|||MLA934379954|||drop_off|||me2|||||||||17
605000|||0|||true|||MLA862642598|||drop_off|||me2|||||||||17
605001|||0|||true|||MLA877488846|||drop_off|||me2|||||||||17
605002|||0||||||MLA904704089|||drop_off|||me2|||||||||17
605003|||0|||true|||MLA909101799|||drop_off|||me2|||||||||17
605004|||0|||true|||MLA910408484|||drop_off|||me2|||||||||17
605005|||0||||||MLA915124260|||drop_off|||me2|||||||||17
605006|||0|||true|||MLA920398453|||drop_off|||me2|||||||||17
605007|||0|||true|||MLA922084575|||drop_off|||me2|||||||||17
605008|||0|||true|||MLA926705612|||drop_off|||me2|||||||||17
605009|||0||||||MLA927276476|||drop_off|||me2|||||||||17
605010|||0||||||MLA930008502|||drop_off|||me2|||||||||17
605011|||0|||true|||MLA930256380|||drop_off|||me2|||||||||17
605012|||0|||true|||MLA930456877|||drop_off|||me2|||||||||17
605013|||0|||true|||MLA932264617|||drop_off|||me2|||||||||17
605014|||0|||true|||MLA933290569|||drop_off|||me2|||||||||17
605015|||0|||true|||MLA933372734|||drop_off|||me2|||||||||17
605016|||0||||||MLA874650274|||drop_off|||me2|||||||||17
605017|||0||||||MLA875746849|||drop_off|||me2|||||||||17
605018|||0||||||MLA876161038|||drop_off|||me2|||||||||17
605019|||0||||||MLA885416731|||drop_off|||me2|||||||||17
605020|||0|||true|||MLA900075023|||drop_off|||me2|||||||||17
605021|||0||||||MLA906317364|||drop_off|||me2|||||||||17
605022|||0|||true|||MLA916145873|||drop_off|||me2|||||||||17
605023|||0||||||MLA917418189|||drop_off|||me2|||||||||17
605024|||0|||true|||MLA919682573|||drop_off|||me2|||||||||17
605025|||0||||||MLA922205990|||drop_off|||me2|||||||||17
605026|||0|||true|||MLA928025881|||drop_off|||me2|||||||||17
605027|||0||||||MLA930128192|||drop_off|||me2|||||||||17
605028|||0||||||MLA930178588|||drop_off|||me2|||||||||17
605029|||0|||true|||MLA930848110|||drop_off|||me2|||||||||17
605030|||0|||true|||MLA930992647|||drop_off|||me2|||||||||17
605031|||0||||||MLA931046296|||drop_off|||me2|||||||||17
605032|||0|||true|||MLA931550456|||drop_off|||me2|||||||||17
605033|||0|||true|||MLA932312500|||drop_off|||me2|||||||||17
605034|||0|||true|||MLA932491388|||drop_off|||me2|||||||||17
605035|||0||||||MLA933821123|||drop_off|||me2|||||||||17
605036|||0||||||MLA933894138|||drop_off|||me2|||||||||17
605037|||0||||||MLA857843811|||drop_off|||me2|||||||||17
605038|||0|||true|||MLA881736243|||drop_off|||me2|||||||||17
605039|||0|||true|||MLA903608500|||drop_off|||me2|||||||||17
605040|||0|||true|||MLA907235133|||drop_off|||me2|||||||||17
605041|||0|||true|||MLA910757411|||drop_off|||me2|||||||||17
605042|||0|||true|||MLA912008022|||drop_off|||me2|||||||||17
605043|||0||||||MLA914849334|||drop_off|||me2|||||||||17
605044|||0||||||MLA915723384|||drop_off|||me2|||||||||17
605045|||0||||||MLA926145394|||drop_off|||me2|||||||||17
605046|||0|||true|||MLA927548262|||drop_off|||me2|||||||||17
605047|||0|||true|||MLA928276195|||drop_off|||me2|||||||||17
605048|||0|||true|||MLA929112336|||drop_off|||me2|||||||||17
605049|||0|||true|||MLA930613945|||drop_off|||me2|||||||||17
605050|||0|||true|||MLA931044311|||drop_off|||me2|||||||||17
605051|||0|||true|||MLA933338134|||drop_off|||me2|||||||||17
605052|||0|||true|||MLA934304525|||drop_off|||me2|||||||||17
605053|||0|||true|||MLA934502420|||drop_off|||me2|||||||||17
605054|||0|||true|||MLA934689679|||drop_off|||me2|||||||||17
605055|||0||||||MLA876941563|||drop_off|||me2|||||||||17
605056|||0||||||MLA881958841|||drop_off|||me2|||||||||17
605057|||0||||||MLA904516886|||drop_off|||me2|||||||||17
605058|||0|||true|||MLA907355723|||drop_off|||me2|||||||||17
605059|||0||||||MLA911469377|||drop_off|||me2|||||||||17
605060|||0|||true|||MLA911640139|||drop_off|||me2|||||||||17
605061|||0||||||MLA914214747|||drop_off|||me2|||||||||17
605062|||0||||||MLA925289046|||drop_off|||me2|||||||||17
605063|||0|||true|||MLA928096716|||drop_off|||me2|||||||||17
605064|||0|||true|||MLA932263559|||drop_off|||me2|||||||||17
605065|||0||||||MLA932619939|||drop_off|||me2|||||||||17
605066|||0||||||MLA932794206|||drop_off|||me2|||||||||17
605067|||0|||true|||MLA932845381|||drop_off|||me2|||||||||17
605068|||0|||true|||MLA933234080|||drop_off|||me2|||||||||17
605069|||0||||||MLA933287838|||drop_off|||me2|||||||||17
605070|||0||||||MLA934375674|||drop_off|||me2|||||||||17
605071|||0||||||MLA934495776|||drop_off|||me2|||||||||17
605072|||0||||||MLA934540958|||drop_off|||me2|||||||||17
605073|||0||||||MLA934827907|||drop_off|||me2|||||||||17
605074|||0||||||MLA935077929|||drop_off|||me2|||||||||17
605075|||0|||true|||MLA935175017|||drop_off|||me2|||||||||17
605076|||0|||true|||MLA935303143|||drop_off|||me2|||||||||17
605077|||0|||true|||MLA935368919|||drop_off|||me2|||||||||17
605078|||0|||true|||MLA935369498|||drop_off|||me2|||||||||17
605079|||0|||true|||MLA899888505|||drop_off|||me2|||||||||17
605080|||0|||true|||MLA904889567|||drop_off|||me2|||||||||17
605081|||0||||||MLA906318957|||drop_off|||me2|||||||||17
605082|||0|||true|||MLA926847393|||drop_off|||me2|||||||||17
605083|||0||||||MLA931230052|||drop_off|||me2|||||||||17
605084|||0|||true|||MLA931526328|||drop_off|||me2|||||||||17
605085|||0|||true|||MLA935058277|||drop_off|||me2|||||||||17
605086|||0|||true|||MLA935136839|||drop_off|||me2|||||||||17
605087|||0||||||MLA912078799|||drop_off|||me2|||||||||17
605088|||0||||||MLA910009414|||drop_off|||me2|||||||||17
605089|||0|||true|||MLA909300444|||drop_off|||me2|||||||||17
605090|||0||||||MLA929014268|||drop_off|||me2|||||||||17
605091|||0||||||MLA914259052|||drop_off|||me2|||||||||17
605092|||0||||||MLA930892370|||drop_off|||me2|||||||||17
605093|||0||||||MLA872949647|||drop_off|||me2|||||||||17
605094|||0||||||MLA901811941|||drop_off|||me2|||||||||17
605095|||0|||true|||MLA907858464|||drop_off|||me2|||||||||17
605096|||0|||true|||MLA898556207|||drop_off|||me2|||||||||17
605097|||0|||true|||MLA912515520|||xd_drop_off|||me2|||||||||17
605098|||0||||||MLA915775759|||xd_drop_off|||me2|||||||||17
605099|||0|||true|||MLA928720893|||xd_drop_off|||me2|||||||||17
605100|||0|||true|||MLA884862911|||xd_drop_off|||me2|||||||||17
605101|||0||||||MLA901462793|||drop_off|||me2|||||||||17
605102|||0|||true|||MLA930549820|||drop_off|||me2|||||||||17
605103|||0|||true|||MLA923064140|||drop_off|||me2|||||||||17
605104|||0|||true|||MLA927181901|||drop_off|||me2|||||||||17
605105|||0||||||MLA911584396|||drop_off|||me2|||||||||17
605106|||0|||true|||MLA929752204|||drop_off|||me2|||||||||17
605107|||0|||true|||MLA922117983|||drop_off|||me2|||||||||17
605108|||0||||||MLA908462229|||drop_off|||me2|||||||||17
605109|||0||||||MLA913351821|||drop_off|||me2|||||||||17
605110|||0|||true|||MLA911411654|||drop_off|||me2|||||||||17
605111|||0|||true|||MLA918817315|||drop_off|||me2|||||||||17
605112|||0||||||MLA919806164|||drop_off|||me2|||||||||17
605113|||0||||||MLA912397554|||xd_drop_off|||me2|||||||||17
605114|||0|||true|||MLA929718624|||drop_off|||me2|||||||||17
605115|||0||||||MLA914436241|||drop_off|||me2|||||||||17
605116|||0||||||MLA917259257|||drop_off|||me2|||||||||17
605117|||0|||true|||MLA879599890|||drop_off|||me2|||||||||17
605118|||0||||||MLA865554692|||xd_drop_off|||me2|||||||||17
605119|||0||||||MLA932702192|||xd_drop_off|||me2|||||||||17
605120|||0||||||MLA912173876|||xd_drop_off|||me2|||||||||17
605121|||0|||true|||MLA922301338|||drop_off|||me2|||||||||17
605122|||0|||true|||MLA929111514|||xd_drop_off|||me2|||||||||17
605123|||0||||||MLA926467513|||xd_drop_off|||me2|||||||||17
605124|||0||||||MLA907498836|||xd_drop_off|||me2|||||||||17
605125|||0||||||MLA935014811|||xd_drop_off|||me2|||||||||17
605126|||0|||true|||MLA929899028|||drop_off|||me2|||||||||17
605127|||0|||true|||MLA903374286|||drop_off|||me2|||||||||17
605128|||0||||||MLA874481166|||drop_off|||me2|||||||||17
605129|||0||||||MLA885047799|||drop_off|||me2|||||||||17
605130|||0||||||MLA906744275|||drop_off|||me2|||||||||17
605131|||0|||true|||MLA915120791|||drop_off|||me2|||||||||17
605132|||0|||true|||MLA882829646|||drop_off|||me2|||||||||17
605133|||0||||||MLA910348532|||drop_off|||me2|||||||||17
605134|||0||||||MLA910599128|||drop_off|||me2|||||||||17
605135|||0||||||MLA899933651|||drop_off|||me2|||||||||17
605136|||0||||||MLA854856522|||drop_off|||me2|||||||||17
605137|||0|||true|||MLA874857602|||drop_off|||me2|||||||||17
605138|||0||||||MLA877747400|||drop_off|||me2|||||||||17
605139|||0||||||MLA879200239|||drop_off|||me2|||||||||17
605140|||0||||||MLA913245019|||drop_off|||me2|||||||||17
605141|||0|||true|||MLA882231656|||drop_off|||me2|||||||||17
605142|||0||||||MLA870784910|||drop_off|||me2|||||||||17
605143|||0|||true|||MLA904211909|||drop_off|||me2|||||||||17
605144|||0|||true|||MLA920724275|||xd_drop_off|||me2|||||||||17
605145|||0||||||MLA923404491|||drop_off|||me2|||||||||17
605146|||0||||||MLA871297709|||drop_off|||me2|||||||||17
605147|||0||||||MLA920876588|||drop_off|||me2|||||||||17
605148|||0||||||MLA861064904|||drop_off|||me2|||||||||17
605149|||0|||true|||MLA877321587|||drop_off|||me2|||||||||17
605150|||0|||true|||MLA920928130|||drop_off|||me2|||||||||17
605151|||0|||true|||MLA915941291|||xd_drop_off|||me2|||||||||17
605152|||0||||||MLA917139291|||drop_off|||me2|||||||||17
605153|||0||||||MLA872431270|||xd_drop_off|||me2|||||||||17
605154|||0|||true|||MLA886515700|||drop_off|||me2|||||||||17
605155|||0|||true|||MLA901201256|||drop_off|||me2|||||||||17
605156|||0|||true|||MLA885639690|||drop_off|||me2|||||||||17
605157|||0||||||MLA925915107|||xd_drop_off|||me2|||||||||17
605158|||0|||true|||MLA927330734|||drop_off|||me2|||||||||17
605159|||0||||||MLA877500917|||drop_off|||me2|||||||||17
605160|||0|||true|||MLA899643677|||drop_off|||me2|||||||||17
605161|||0|||true|||MLA920956154|||drop_off|||me2|||||||||17
605162|||0|||true|||MLA927287634|||drop_off|||me2|||||||||17
605163|||0||||||MLA862385070|||drop_off|||me2|||||||||17
605164|||0|||true|||MLA919787772|||drop_off|||me2|||||||||17
605165|||0|||true|||MLA904088318|||drop_off|||me2|||||||||17
605166|||0|||true|||MLA919737939|||drop_off|||me2|||||||||17
605167|||0||||||MLA869077644|||drop_off|||me2|||||||||17
605168|||0||||||MLA920257061|||drop_off|||me2|||||||||17
605169|||0|||true|||MLA903209093|||drop_off|||me2|||||||||17
605170|||0||||||MLA870682592|||drop_off|||me2|||||||||17
605171|||0|||true|||MLA917283936|||xd_drop_off|||me2|||||||||17
605172|||0||||||MLA917572404|||drop_off|||me2|||||||||17
605173|||0||||||MLA899620568|||xd_drop_off|||me2|||||||||17
605174|||0|||true|||MLA913769001|||drop_off|||me2|||||||||17
605175|||0|||true|||MLA923175474|||drop_off|||me2|||||||||17
605176|||0||||||MLA881842146|||drop_off|||me2|||||||||17
605177|||0|||true|||MLA877972558|||drop_off|||me2|||||||||17
605178|||0||||||MLA910127834|||drop_off|||me2|||||||||17
605179|||0|||true|||MLA909303943|||drop_off|||me2|||||||||17
605180|||0||||||MLA924823753|||xd_drop_off|||me2|||||||||17
605181|||0|||true|||MLA878971538|||drop_off|||me2|||||||||17
605182|||0||||||MLA885429208|||drop_off|||me2|||||||||17
605183|||0||||||MLA908918761|||drop_off|||me2|||||||||17
605184|||0|||true|||MLA927258956|||drop_off|||me2|||||||||17
605185|||0||||||MLA885959870|||drop_off|||me2|||||||||17
605186|||0|||true|||MLA902951168|||drop_off|||me2|||||||||17
605187|||0||||||MLA863332352|||drop_off|||me2|||||||||17
605188|||0||||||MLA879631568|||drop_off|||me2|||||||||17
605189|||0|||true|||MLA919846392|||drop_off|||me2|||||||||17
605190|||0||||||MLA874960743|||xd_drop_off|||me2|||||||||17
605191|||0||||||MLA879767690|||drop_off|||me2|||||||||17
605192|||0||||||MLA910442611|||xd_drop_off|||me2|||||||||17
605193|||0|||true|||MLA882792598|||drop_off|||me2|||||||||17
605194|||0||||||MLA913626007|||drop_off|||me2|||||||||17
605195|||0|||true|||MLA933517971|||drop_off|||me2|||||||||17
605196|||0|||true|||MLA907144645|||drop_off|||me2|||||||||17
605197|||0|||true|||MLA925841528|||drop_off|||me2|||||||||17
605198|||0|||true|||MLA927330111|||drop_off|||me2|||||||||17
605199|||0||||||MLA877192851|||xd_drop_off|||me2|||||||||17
605200|||0||||||MLA906812909|||drop_off|||me2|||||||||17
605201|||0||||||MLA913286056|||drop_off|||me2|||||||||17
605202|||0||||||MLA870847346|||drop_off|||me2|||||||||17
605203|||0|||true|||MLA927752534|||xd_drop_off|||me2|||||||||17
605204|||0|||true|||MLA908275063|||drop_off|||me2|||||||||17
605205|||0||||||MLA915486695|||drop_off|||me2|||||||||17
605206|||0|||true|||MLA930523936|||drop_off|||me2|||||||||17
605207|||0||||||MLA933058668|||drop_off|||me2|||||||||17
605208|||0|||true|||MLA927024046|||drop_off|||me2|||||||||17
605209|||0||||||MLA933431242|||drop_off|||me2|||||||||17
605210|||0||||||MLA931460271|||xd_drop_off|||me2|||||||||17
605211|||0||||||MLA935412070|||drop_off|||me2|||||||||17
605212|||0||||||MLA899872236|||drop_off|||me2|||||||||17
605213|||0|||true|||MLA904615290|||drop_off|||me2|||||||||17
605214|||0|||true|||MLA920925496|||drop_off|||me2|||||||||17
605215|||0|||true|||MLA907033184|||drop_off|||me2|||||||||17
605216|||0||||||MLA925900557|||drop_off|||me2|||||||||17
605217|||0||||||MLA918577500|||xd_drop_off|||me2|||||||||17
605218|||0|||true|||MLA929301981|||xd_drop_off|||me2|||||||||17
605219|||0|||true|||MLA924795436|||drop_off|||me2|||||||||17
605220|||0||||||MLA871512324|||drop_off|||me2|||||||||17
605221|||0||||||MLA916662982|||drop_off|||me2|||||||||17
605222|||0||||||MLA872430619|||xd_drop_off|||me2|||||||||17
605223|||0||||||MLA913611672|||drop_off|||me2|||||||||17
605224|||0|||true|||MLA929647436|||drop_off|||me2|||||||||17
605225|||0||||||MLA873698742|||drop_off|||me2|||||||||17
605226|||0|||true|||MLA910877295|||drop_off|||me2|||||||||17
605227|||0|||true|||MLA884347977|||drop_off|||me2|||||||||17
605228|||0||||||MLA899295721|||drop_off|||me2|||||||||17
605229|||0|||true|||MLA916788998|||drop_off|||me2|||||||||17
605230|||0|||true|||MLA900261104|||drop_off|||me2|||||||||17
605231|||0|||true|||MLA912120533|||drop_off|||me2|||||||||17
605232|||0||||||MLA870835523|||drop_off|||me2|||||||||17
605233|||0||||||MLA907827404|||drop_off|||me2|||||||||17
605234|||0|||true|||MLA920756305|||drop_off|||me2|||||||||17
605235|||0|||true|||MLA926042419|||drop_off|||me2|||||||||17
605236|||0||||||MLA927168276|||drop_off|||me2|||||||||17
605237|||0||||||MLA929578800|||drop_off|||me2|||||||||17
605238|||0|||true|||MLA867307417|||drop_off|||me2|||||||||17
605239|||0|||true|||MLA922327802|||drop_off|||me2|||||||||17
605240|||0||||||MLA906093210|||drop_off|||me2|||||||||17
605241|||0|||true|||MLA882917993|||drop_off|||me2|||||||||17
605242|||0||||||MLA909231428|||drop_off|||me2|||||||||17
605243|||0|||true|||MLA922087621|||drop_off|||me2|||||||||17
605244|||0||||||MLA913744841|||xd_drop_off|||me2|||||||||17
605245|||0||||||MLA918023879|||drop_off|||me2|||||||||17
605246|||0|||true|||MLA917321077|||drop_off|||me2|||||||||17
605247|||0||||||MLA923090117|||drop_off|||me2|||||||||17
605248|||0||||||MLA917836411|||drop_off|||me2|||||||||17
605249|||0||||||MLA901371215|||drop_off|||me2|||||||||17
605250|||0|||true|||MLA927576106|||drop_off|||me2|||||||||17
605251|||0|||true|||MLA910609621|||drop_off|||me2|||||||||17
605252|||0||||||MLA908614834|||drop_off|||me2|||||||||17
605253|||0||||||MLA872834814|||xd_drop_off|||me2|||||||||17
605254|||0|||true|||MLA915794270|||drop_off|||me2|||||||||17
605255|||0||||||MLA914742299|||drop_off|||me2|||||||||17
605256|||0|||true|||MLA909895154|||drop_off|||me2|||||||||17
605257|||0||||||MLA870859871|||drop_off|||me2|||||||||17
605258|||0||||||MLA909038837|||xd_drop_off|||me2|||||||||17
605259|||0||||||MLA871888829|||drop_off|||me2|||||||||17
605260|||0|||true|||MLA923224585|||drop_off|||me2|||||||||17
605261|||0|||true|||MLA899897721|||xd_drop_off|||me2|||||||||17
605262|||0||||||MLA902590658|||drop_off|||me2|||||||||17
605263|||0|||true|||MLA882290164|||drop_off|||me2|||||||||17
605264|||0|||true|||MLA852998340|||drop_off|||me2|||||||||17
605265|||0||||||MLA930782701|||drop_off|||me2|||||||||17
605266|||0||||||MLA934118570|||drop_off|||me2|||||||||17
605267|||0||||||MLA931093050|||drop_off|||me2|||||||||17
605268|||0|||true|||MLA929385322|||xd_drop_off|||me2|||||||||17
605269|||0||||||MLA934535568|||xd_drop_off|||me2|||||||||17
605270|||0||||||MLA927226745|||drop_off|||me2|||||||||17
605271|||0||||||MLA929014649|||xd_drop_off|||me2|||||||||17
605272|||0|||true|||MLA927657795|||xd_drop_off|||me2|||||||||17
605273|||0|||true|||MLA933059537|||drop_off|||me2|||||||||17
605274|||0||||||MLA929572540|||drop_off|||me2|||||||||17
605275|||0||||||MLA927031123|||drop_off|||me2|||||||||17
605276|||0|||true|||MLA932348195|||drop_off|||me2|||||||||17
605277|||0||||||MLA928353603|||xd_drop_off|||me2|||||||||17
605278|||0|||true|||MLA928437546|||xd_drop_off|||me2|||||||||17
605279|||0||||||MLA930469038|||drop_off|||me2|||||||||17
605280|||0|||true|||MLA930123123|||drop_off|||me2|||||||||17
605281|||0||||||MLA933142985|||drop_off|||me2|||||||||17
605282|||0|||true|||MLA935276719|||drop_off|||me2|||||||||17
605283|||0||||||MLA927288057|||xd_drop_off|||me2|||||||||17
605284|||0||||||MLA930468790|||drop_off|||me2|||||||||17
605285|||0||||||MLA933716361|||drop_off|||me2|||||||||17
605286|||0|||true|||MLA927946514|||drop_off|||me2|||||||||17
605287|||0|||true|||MLA930172714|||drop_off|||me2|||||||||17
605288|||0|||true|||MLA927465339|||drop_off|||me2|||||||||17
605289|||0|||true|||MLA933722384|||drop_off|||me2|||||||||17
605290|||0||||||MLA932514822|||drop_off|||me2|||||||||17
605291|||0|||true|||MLA934748456|||xd_drop_off|||me2|||||||||17
605292|||0||||||MLA931220222|||drop_off|||me2|||||||||17
605293|||0||||||MLA930691857|||drop_off|||me2|||||||||17
605294|||0||||||MLA932551796|||drop_off|||me2|||||||||17
605295|||0||||||MLA934323258|||drop_off|||me2|||||||||17
605296|||0||||||MLA934600536|||drop_off|||me2|||||||||17
605297|||0|||true|||MLA935410410|||drop_off|||me2|||||||||17
605298|||0||||||MLA930267703|||xd_drop_off|||me2|||||||||17
605299|||0||||||MLA934360161|||xd_drop_off|||me2|||||||||17
605300|||0|||true|||MLA933318952|||drop_off|||me2|||||||||17
605301|||0|||true|||MLA932467923|||drop_off|||me2|||||||||17
605302|||0||||||MLA933534893|||drop_off|||me2|||||||||17
605303|||0||||||MLA929607715|||drop_off|||me2|||||||||17
605304|||0|||true|||MLA929636916|||xd_drop_off|||me2|||||||||17
605305|||0||||||MLA928536974|||drop_off|||me2|||||||||17
605306|||0|||true|||MLA927195473|||drop_off|||me2|||||||||17
605307|||0|||true|||MLA930845242|||drop_off|||me2|||||||||17
605308|||0|||true|||MLA928437498|||drop_off|||me2|||||||||17
605309|||0|||true|||MLA929007612|||drop_off|||me2|||||||||17
605310|||0|||true|||MLA933338718|||drop_off|||me2|||||||||17
605311|||0||||||MLA932466609|||drop_off|||me2|||||||||17
605312|||0||||||MLA933238333|||drop_off|||me2|||||||||17
605313|||0|||true|||MLA929292042|||drop_off|||me2|||||||||17
605314|||0|||true|||MLA933273887|||drop_off|||me2|||||||||17
605315|||0|||true|||MLA926975769|||drop_off|||me2|||||||||17
605316|||0|||true|||MLA929999864|||drop_off|||me2|||||||||17
605317|||0|||true|||MLA927605684|||xd_drop_off|||me2|||||||||17
605318|||0|||true|||MLA932655071|||drop_off|||me2|||||||||17
605319|||0|||true|||MLA928253815|||drop_off|||me2|||||||||17
605320|||0||||||MLA934180005|||drop_off|||me2|||||||||17
605321|||0||||||MLA927173894|||drop_off|||me2|||||||||17
605322|||0||||||MLA929910118|||drop_off|||me2|||||||||17
605323|||0||||||MLA929393994|||drop_off|||me2|||||||||17
605324|||0||||||MLA931664676|||drop_off|||me2|||||||||17
605325|||0|||true|||MLA931615096|||drop_off|||me2|||||||||17
605326|||0||||||MLA935329106|||drop_off|||me2|||||||||17
605327|||0||||||MLA931552031|||xd_drop_off|||me2|||||||||17
605328|||0|||true|||MLA932545226|||drop_off|||me2|||||||||17
605329|||0|||true|||MLA930859020|||drop_off|||me2|||||||||17
605330|||0|||true|||MLA930112083|||drop_off|||me2|||||||||17
605331|||0||||||MLA933334781|||drop_off|||me2|||||||||17
605332|||0|||true|||MLA928296087|||drop_off|||me2|||||||||17
605333|||0|||true|||MLA930497948|||drop_off|||me2|||||||||17
605334|||0|||true|||MLA930097702|||drop_off|||me2|||||||||17
605335|||0||||||MLA931531278|||xd_drop_off|||me2|||||||||17
605336|||0||||||MLA935045205|||drop_off|||me2|||||||||17
605337|||0||||||MLA931199406|||drop_off|||me2|||||||||17
605338|||0||||||MLA927242812|||xd_drop_off|||me2|||||||||17
605339|||0||||||MLA927175757|||drop_off|||me2|||||||||17
605340|||0||||||MLA933355232|||drop_off|||me2|||||||||17
605341|||0|||true|||MLA930392366|||xd_drop_off|||me2|||||||||17
605342|||0||||||MLA930862167|||drop_off|||me2|||||||||17
605343|||0||||||MLA927428356|||drop_off|||me2|||||||||17
605344|||0||||||MLA932267866|||xd_drop_off|||me2|||||||||17
605345|||0||||||MLA933356314|||drop_off|||me2|||||||||17
605346|||0||||||MLA933354428|||drop_off|||me2|||||||||17
605347|||0||||||MLA933710034|||drop_off|||me2|||||||||17
605348|||0||||||MLA931057450|||drop_off|||me2|||||||||17
605349|||0||||||MLA927501903|||drop_off|||me2|||||||||17
605350|||0|||true|||MLA930775696|||drop_off|||me2|||||||||17
605351|||0|||true|||MLA932187179|||drop_off|||me2|||||||||17
605352|||0||||||MLA928855849|||drop_off|||me2|||||||||17
605353|||0||||||MLA933478869|||drop_off|||me2|||||||||17
605354|||0||||||MLA929981404|||drop_off|||me2|||||||||17
605355|||0||||||MLA929495475|||drop_off|||me2|||||||||17
605356|||0||||||MLA933525538|||drop_off|||me2|||||||||17
605357|||0||||||MLA928864278|||drop_off|||me2|||||||||17
605358|||0||||||MLA930527898|||drop_off|||me2|||||||||17
605359|||0||||||MLA930807844|||drop_off|||me2|||||||||17
605360|||0||||||MLA928832243|||drop_off|||me2|||||||||17
605361|||0||||||MLA929295460|||drop_off|||me2|||||||||17
605362|||0||||||MLA930955062|||drop_off|||me2|||||||||17
605363|||0||||||MLA933116447|||drop_off|||me2|||||||||17
605364|||0||||||MLA934521788|||drop_off|||me2|||||||||17
605365|||0|||true|||MLA931096183|||drop_off|||me2|||||||||17
605366|||0||||||MLA931465171|||drop_off|||me2|||||||||17
605367|||0||||||MLA927223625|||drop_off|||me2|||||||||17
605368|||0|||true|||MLA934527955|||drop_off|||me2|||||||||17
605369|||0|||true|||MLA927215055|||drop_off|||me2|||||||||17
605370|||0||||||MLA927258189|||drop_off|||me2|||||||||17
605371|||0|||true|||MLA928035186|||drop_off|||me2|||||||||17
605372|||0|||true|||MLA929569358|||drop_off|||me2|||||||||17
605373|||0||||||MLA933078398|||drop_off|||me2|||||||||17
605374|||0|||true|||MLA933399117|||drop_off|||me2|||||||||17
605375|||0||||||MLA927102344|||drop_off|||me2|||||||||17
605376|||0||||||MLA927682009|||xd_drop_off|||me2|||||||||17
605377|||0|||true|||MLA928980353|||drop_off|||me2|||||||||17
605378|||0||||||MLA934806773|||drop_off|||me2|||||||||17
605379|||0||||||MLA928472860|||drop_off|||me2|||||||||17
605380|||0|||true|||MLA929528611|||drop_off|||me2|||||||||17
605381|||0|||true|||MLA933816135|||drop_off|||me2|||||||||17
605382|||0|||true|||MLA934465141|||drop_off|||me2|||||||||17
605383|||0||||||MLA927553879|||drop_off|||me2|||||||||17
605384|||0||||||MLA928979482|||drop_off|||me2|||||||||17
605385|||0||||||MLA580023095|||drop_off|||me2|||||||||17
605386|||0|||true|||MLA934440844|||xd_drop_off|||me2|||||||||17
605387|||0|||true|||MLA927166089|||drop_off|||me2|||||||||17
605388|||0||||||MLA928242186|||drop_off|||me2|||||||||17
605389|||0|||true|||MLA927263229|||drop_off|||me2|||||||||17
605390|||0||||||MLA928444529|||drop_off|||me2|||||||||17
605391|||0|||true|||MLA930650875|||drop_off|||me2|||||||||17
605392|||0|||true|||MLA932656973|||drop_off|||me2|||||||||17
605393|||0|||true|||MLA933972325|||drop_off|||me2|||||||||17
605394|||0|||true|||MLA933173081|||drop_off|||me2|||||||||17
605395|||0||||||MLA927311122|||drop_off|||me2|||||||||17
605396|||0||||||MLA935428483|||drop_off|||me2|||||||||17
605397|||0|||true|||MLA932312599|||drop_off|||me2|||||||||17
605398|||0|||true|||MLA927388751|||drop_off|||me2|||||||||17
605399|||0||||||MLA932417511|||drop_off|||me2|||||||||17
605400|||0|||true|||MLA927498299|||drop_off|||me2|||||||||17
605401|||0||||||MLA927027120|||drop_off|||me2|||||||||17
605402|||0|||true|||MLA927535854|||drop_off|||me2|||||||||17
605403|||0||||||MLA930843617|||drop_off|||me2|||||||||17
605404|||0||||||MLA931154793|||drop_off|||me2|||||||||17
605405|||0||||||MLA926944221|||drop_off|||me2|||||||||17
605406|||0|||true|||MLA933460632|||drop_off|||me2|||||||||17
605407|||0||||||MLA933356359|||drop_off|||me2|||||||||17
605408|||0||||||MLA928915615|||drop_off|||me2|||||||||17
605409|||0||||||MLA934365768|||drop_off|||me2|||||||||17
605410|||0||||||MLA933575684|||xd_drop_off|||me2|||||||||17
605411|||0||||||MLA930191396|||drop_off|||me2|||||||||17
605412|||0|||true|||MLA930937921|||drop_off|||me2|||||||||17
605413|||0||||||MLA933978568|||drop_off|||me2|||||||||17
605414|||0|||true|||MLA927096965|||drop_off|||me2|||||||||17
605415|||0|||true|||MLA934514460|||drop_off|||me2|||||||||17
605416|||0||||||MLA927213039|||drop_off|||me2|||||||||17
605417|||0|||true|||MLA934493817|||drop_off|||me2|||||||||17
605418|||0||||||MLA929955903|||drop_off|||me2|||||||||17
605419|||0||||||MLA927218575|||drop_off|||me2|||||||||17
605420|||0||||||MLA930385377|||drop_off|||me2|||||||||17
605421|||0||||||MLA930251358|||drop_off|||me2|||||||||17
605422|||0||||||MLA934694578|||drop_off|||me2|||||||||17
605423|||0||||||MLA927635201|||drop_off|||me2|||||||||17
605424|||0||||||MLA928491935|||xd_drop_off|||me2|||||||||17
605425|||0||||||MLA912220939|||drop_off|||me2|||||||||17
605426|||0|||true|||MLA931815278|||drop_off|||me2|||||||||17
605427|||0||||||MLA927069832|||drop_off|||me2|||||||||17
605428|||0||||||MLA933944708|||drop_off|||me2|||||||||17
605429|||0|||true|||MLA932243749|||drop_off|||me2|||||||||17
605430|||0||||||MLA932574194|||drop_off|||me2|||||||||17
605431|||0||||||MLA927421389|||drop_off|||me2|||||||||17
605432|||0||||||MLA932882682|||drop_off|||me2|||||||||17
605433|||0|||true|||MLA927692177|||drop_off|||me2|||||||||17
605434|||0|||true|||MLA934498487|||drop_off|||me2|||||||||17
605435|||0|||true|||MLA929499117|||drop_off|||me2|||||||||17
605436|||0|||true|||MLA930874757|||drop_off|||me2|||||||||17
605437|||0||||||MLA928542015|||drop_off|||me2|||||||||17
605438|||0|||true|||MLA932788067|||drop_off|||me2|||||||||17
605439|||0|||true|||MLA928040540|||drop_off|||me2|||||||||17
605440|||0||||||MLA933716647|||drop_off|||me2|||||||||17
605441|||0||||||MLA927237958|||drop_off|||me2|||||||||17
605442|||0||||||MLA927242204|||drop_off|||me2|||||||||17
605443|||0|||true|||MLA928631511|||drop_off|||me2|||||||||17
605444|||0||||||MLA932584498|||drop_off|||me2|||||||||17
605445|||0||||||MLA934396046|||drop_off|||me2|||||||||17
605446|||0|||true|||MLA927407066|||drop_off|||me2|||||||||17
605447|||0|||true|||MLA928740536|||drop_off|||me2|||||||||17
605448|||0|||true|||MLA930750460|||drop_off|||me2|||||||||17
605449|||0||||||MLA933425128|||drop_off|||me2|||||||||17
605450|||0||||||MLA934555943|||drop_off|||me2|||||||||17
605451|||0|||true|||MLA927411324|||drop_off|||me2|||||||||17
605452|||0||||||MLA927646067|||drop_off|||me2|||||||||17
605453|||0|||true|||MLA929936174|||drop_off|||me2|||||||||17
605454|||0|||true|||MLA930498097|||drop_off|||me2|||||||||17
605455|||0|||true|||MLA931046160|||drop_off|||me2|||||||||17
605456|||0||||||MLA933709166|||drop_off|||me2|||||||||17
605457|||0||||||MLA927027237|||drop_off|||me2|||||||||17
605458|||0||||||MLA927507110|||drop_off|||me2|||||||||17
605459|||0|||true|||MLA930121410|||drop_off|||me2|||||||||17
605460|||0||||||MLA933366680|||xd_drop_off|||me2|||||||||17
605461|||0||||||MLA933663563|||drop_off|||me2|||||||||17
605462|||0|||true|||MLA927250058|||drop_off|||me2|||||||||17
605463|||0||||||MLA927541658|||drop_off|||me2|||||||||17
605464|||0|||true|||MLA927792524|||drop_off|||me2|||||||||17
605465|||0||||||MLA928296811|||drop_off|||me2|||||||||17
605466|||0|||true|||MLA930120424|||drop_off|||me2|||||||||17
605467|||0||||||MLA931013391|||drop_off|||me2|||||||||17
605468|||0|||true|||MLA933400870|||drop_off|||me2|||||||||17
605469|||0|||true|||MLA935400280|||drop_off|||me2|||||||||17
605470|||0|||true|||MLA927321672|||drop_off|||me2|||||||||17
605471|||0||||||MLA929307715|||drop_off|||me2|||||||||17
605472|||0||||||MLA930214795|||xd_drop_off|||me2|||||||||17
605473|||0||||||MLA930288581|||drop_off|||me2|||||||||17
605474|||0|||true|||MLA930405222|||drop_off|||me2|||||||||17
605475|||0||||||MLA930972231|||drop_off|||me2|||||||||17
605476|||0||||||MLA931454972|||drop_off|||me2|||||||||17
605477|||0|||true|||MLA933384295|||drop_off|||me2|||||||||17
605478|||0|||true|||MLA933896720|||drop_off|||me2|||||||||17
605479|||0|||true|||MLA933898889|||drop_off|||me2|||||||||17
605480|||0||||||MLA927317198|||xd_drop_off|||me2|||||||||17
605481|||0||||||MLA929331924|||drop_off|||me2|||||||||17
605482|||0||||||MLA930139350|||drop_off|||me2|||||||||17
605483|||0|||true|||MLA930395419|||drop_off|||me2|||||||||17
605484|||0|||true|||MLA930940037|||drop_off|||me2|||||||||17
605485|||0|||true|||MLA931665507|||drop_off|||me2|||||||||17
605486|||0|||true|||MLA932534156|||drop_off|||me2|||||||||17
605487|||0|||true|||MLA935134276|||drop_off|||me2|||||||||17
605488|||0|||true|||MLA927502738|||drop_off|||me2|||||||||17
605489|||0||||||MLA927613874|||drop_off|||me2|||||||||17
605490|||0||||||MLA929996763|||drop_off|||me2|||||||||17
605491|||0|||true|||MLA930140279|||drop_off|||me2|||||||||17
605492|||0||||||MLA930150450|||drop_off|||me2|||||||||17
605493|||0||||||MLA931105327|||xd_drop_off|||me2|||||||||17
605494|||0||||||MLA932494903|||drop_off|||me2|||||||||17
605495|||0|||true|||MLA933773823|||drop_off|||me2|||||||||17
605496|||0||||||MLA934615012|||drop_off|||me2|||||||||17
605497|||0||||||MLA935305735|||drop_off|||me2|||||||||17
605498|||0|||true|||MLA927284589|||drop_off|||me2|||||||||17
605499|||0||||||MLA927406076|||drop_off|||me2|||||||||17
605500|||0|||true|||MLA928415756|||drop_off|||me2|||||||||17
605501|||0|||true|||MLA928991500|||drop_off|||me2|||||||||17
605502|||0||||||MLA929097231|||drop_off|||me2|||||||||17
605503|||0||||||MLA929196954|||xd_drop_off|||me2|||||||||17
605504|||0||||||MLA930130662|||drop_off|||me2|||||||||17
605505|||0|||true|||MLA930840189|||drop_off|||me2|||||||||17
605506|||0||||||MLA931474477|||xd_drop_off|||me2|||||||||17
605507|||0||||||MLA932252342|||drop_off|||me2|||||||||17
605508|||0||||||MLA933191368|||drop_off|||me2|||||||||17
605509|||0||||||MLA933485223|||drop_off|||me2|||||||||17
605510|||0||||||MLA934503328|||drop_off|||me2|||||||||17
605511|||0||||||MLA935308390|||drop_off|||me2|||||||||17
605512|||0|||true|||MLA927238312|||drop_off|||me2|||||||||17
605513|||0||||||MLA927270109|||drop_off|||me2|||||||||17
605514|||0|||true|||MLA927321683|||drop_off|||me2|||||||||17
605515|||0||||||MLA927321733|||drop_off|||me2|||||||||17
605516|||0||||||MLA927531905|||drop_off|||me2|||||||||17
605517|||0|||true|||MLA928391822|||drop_off|||me2|||||||||17
605518|||0||||||MLA928727011|||drop_off|||me2|||||||||17
605519|||0|||true|||MLA928831950|||drop_off|||me2|||||||||17
605520|||0||||||MLA928862291|||drop_off|||me2|||||||||17
605521|||0||||||MLA928940803|||drop_off|||me2|||||||||17
605522|||0|||true|||MLA929227368|||drop_off|||me2|||||||||17
605523|||0||||||MLA929644198|||drop_off|||me2|||||||||17
605524|||0|||true|||MLA930478869|||drop_off|||me2|||||||||17
605525|||0||||||MLA930645829|||drop_off|||me2|||||||||17
605526|||0|||true|||MLA931007533|||drop_off|||me2|||||||||17
605527|||0||||||MLA931091091|||drop_off|||me2|||||||||17
605528|||0|||true|||MLA931157989|||drop_off|||me2|||||||||17
605529|||0||||||MLA931200712|||xd_drop_off|||me2|||||||||17
605530|||0|||true|||MLA932316607|||drop_off|||me2|||||||||17
605531|||0||||||MLA932320408|||drop_off|||me2|||||||||17
605532|||0||||||MLA932486926|||drop_off|||me2|||||||||17
605533|||0|||true|||MLA932622675|||drop_off|||me2|||||||||17
605534|||0|||true|||MLA933322805|||xd_drop_off|||me2|||||||||17
605535|||0||||||MLA933327618|||drop_off|||me2|||||||||17
605536|||0|||true|||MLA933973026|||drop_off|||me2|||||||||17
605537|||0||||||MLA934392720|||drop_off|||me2|||||||||17
605538|||0||||||MLA934973010|||drop_off|||me2|||||||||17
605539|||0|||true|||MLA927388511|||drop_off|||me2|||||||||17
605540|||0||||||MLA927501709|||drop_off|||me2|||||||||17
605541|||0||||||MLA927963601|||drop_off|||me2|||||||||17
605542|||0|||true|||MLA928246232|||xd_drop_off|||me2|||||||||17
605543|||0||||||MLA928250468|||xd_drop_off|||me2|||||||||17
605544|||0||||||MLA928253808|||drop_off|||me2|||||||||17
605545|||0||||||MLA928260959|||drop_off|||me2|||||||||17
605546|||0||||||MLA928577247|||drop_off|||me2|||||||||17
605547|||0||||||MLA928924478|||drop_off|||me2|||||||||17
605548|||0||||||MLA928941342|||drop_off|||me2|||||||||17
605549|||0|||true|||MLA929019541|||xd_drop_off|||me2|||||||||17
605550|||0||||||MLA929208930|||drop_off|||me2|||||||||17
605551|||0||||||MLA929275749|||drop_off|||me2|||||||||17
605552|||0||||||MLA929368070|||drop_off|||me2|||||||||17
605553|||0||||||MLA930046019|||drop_off|||me2|||||||||17
605554|||0||||||MLA930137276|||drop_off|||me2|||||||||17
605555|||0||||||MLA930139308|||xd_drop_off|||me2|||||||||17
605556|||0|||true|||MLA930210608|||drop_off|||me2|||||||||17
605557|||0||||||MLA930413088|||drop_off|||me2|||||||||17
605558|||0|||true|||MLA930657928|||drop_off|||me2|||||||||17
605559|||0|||true|||MLA930850934|||drop_off|||me2|||||||||17
605560|||0|||true|||MLA930856962|||drop_off|||me2|||||||||17
605561|||0|||true|||MLA931011210|||drop_off|||me2|||||||||17
605562|||0|||true|||MLA931141202|||drop_off|||me2|||||||||17
605563|||0||||||MLA931162097|||drop_off|||me2|||||||||17
605564|||0||||||MLA931405488|||drop_off|||me2|||||||||17
605565|||0|||true|||MLA931441846|||drop_off|||me2|||||||||17
605566|||0||||||MLA931464389|||xd_drop_off|||me2|||||||||17
605567|||0|||true|||MLA931668901|||drop_off|||me2|||||||||17
605568|||0|||true|||MLA932306425|||drop_off|||me2|||||||||17
605569|||0|||true|||MLA932657099|||xd_drop_off|||me2|||||||||17
605570|||0||||||MLA932677784|||drop_off|||me2|||||||||17
605571|||0||||||MLA933198117|||drop_off|||me2|||||||||17
605572|||0||||||MLA933532425|||drop_off|||me2|||||||||17
605573|||0|||true|||MLA933627603|||drop_off|||me2|||||||||17
605574|||0|||true|||MLA933712969|||drop_off|||me2|||||||||17
605575|||0||||||MLA933915104|||xd_drop_off|||me2|||||||||17
605576|||0|||true|||MLA934390136|||drop_off|||me2|||||||||17
605577|||0|||true|||MLA934587769|||drop_off|||me2|||||||||17
605578|||0||||||MLA934705982|||drop_off|||me2|||||||||17
605579|||0||||||MLA935019109|||drop_off|||me2|||||||||17
605580|||0||||||MLA935243931|||drop_off|||me2|||||||||17
605581|||0|||true|||MLA910126767|||drop_off|||me2|||||||||17
605582|||0||||||MLA926934786|||xd_drop_off|||me2|||||||||17
605583|||0||||||MLA926989473|||drop_off|||me2|||||||||17
605584|||0|||true|||MLA927176781|||drop_off|||me2|||||||||17
605585|||0|||true|||MLA927563006|||drop_off|||me2|||||||||17
605586|||0||||||MLA927946421|||drop_off|||me2|||||||||17
605587|||0|||true|||MLA928112913|||drop_off|||me2|||||||||17
605588|||0||||||MLA928186049|||xd_drop_off|||me2|||||||||17
605589|||0||||||MLA928263468|||drop_off|||me2|||||||||17
605590|||0|||true|||MLA928421968|||drop_off|||me2|||||||||17
605591|||0|||true|||MLA928423531|||drop_off|||me2|||||||||17
605592|||0||||||MLA928425011|||drop_off|||me2|||||||||17
605593|||0||||||MLA928426994|||drop_off|||me2|||||||||17
605594|||0||||||MLA928468075|||drop_off|||me2|||||||||17
605595|||0||||||MLA928665620|||drop_off|||me2|||||||||17
605596|||0|||true|||MLA929014621|||drop_off|||me2|||||||||17
605597|||0|||true|||MLA929114501|||drop_off|||me2|||||||||17
605598|||0||||||MLA929200644|||drop_off|||me2|||||||||17
605599|||0||||||MLA929228697|||drop_off|||me2|||||||||17
605600|||0||||||MLA929498215|||drop_off|||me2|||||||||17
605601|||0||||||MLA929651746|||drop_off|||me2|||||||||17
605602|||0||||||MLA929989055|||drop_off|||me2|||||||||17
605603|||0|||true|||MLA930008474|||drop_off|||me2|||||||||17
605604|||0|||true|||MLA930182986|||drop_off|||me2|||||||||17
605605|||0||||||MLA930275343|||drop_off|||me2|||||||||17
605606|||0|||true|||MLA930282188|||drop_off|||me2|||||||||17
605607|||0|||true|||MLA930307291|||drop_off|||me2|||||||||17
605608|||0||||||MLA930465845|||drop_off|||me2|||||||||17
605609|||0|||true|||MLA930740573|||xd_drop_off|||me2|||||||||17
605610|||0|||true|||MLA930770156|||drop_off|||me2|||||||||17
605611|||0||||||MLA930779739|||xd_drop_off|||me2|||||||||17
605612|||0|||true|||MLA930993161|||xd_drop_off|||me2|||||||||17
605613|||0||||||MLA931166194|||drop_off|||me2|||||||||17
605614|||0||||||MLA932252344|||drop_off|||me2|||||||||17
605615|||0||||||MLA932305499|||drop_off|||me2|||||||||17
605616|||0||||||MLA932311309|||drop_off|||me2|||||||||17
605617|||0|||true|||MLA932315152|||drop_off|||me2|||||||||17
605618|||0||||||MLA932439760|||drop_off|||me2|||||||||17
605619|||0|||true|||MLA932471952|||drop_off|||me2|||||||||17
605620|||0||||||MLA932521642|||xd_drop_off|||me2|||||||||17
605621|||0||||||MLA932818294|||drop_off|||me2|||||||||17
605622|||0|||true|||MLA932923446|||drop_off|||me2|||||||||17
605623|||0||||||MLA932968296|||drop_off|||me2|||||||||17
605624|||0||||||MLA933041494|||drop_off|||me2|||||||||17
605625|||0||||||MLA933187636|||drop_off|||me2|||||||||17
605626|||0||||||MLA933333194|||drop_off|||me2|||||||||17
605627|||0|||true|||MLA933370360|||drop_off|||me2|||||||||17
605628|||0|||true|||MLA933920044|||drop_off|||me2|||||||||17
605629|||0||||||MLA933920705|||xd_drop_off|||me2|||||||||17
605630|||0|||true|||MLA933948026|||drop_off|||me2|||||||||17
605631|||0||||||MLA934264243|||drop_off|||me2|||||||||17
605632|||0||||||MLA934519615|||drop_off|||me2|||||||||17
605633|||0||||||MLA934549076|||drop_off|||me2|||||||||17
605634|||0|||true|||MLA934553250|||drop_off|||me2|||||||||17
605635|||0||||||MLA934617621|||drop_off|||me2|||||||||17
605636|||0|||true|||MLA934663505|||drop_off|||me2|||||||||17
605637|||0||||||MLA934694421|||drop_off|||me2|||||||||17
605638|||0|||true|||MLA934695448|||drop_off|||me2|||||||||17
605639|||0|||true|||MLA934865726|||drop_off|||me2|||||||||17
605640|||0|||true|||MLA934907288|||xd_drop_off|||me2|||||||||17
605641|||0||||||MLA935239597|||drop_off|||me2|||||||||17
605642|||0|||true|||MLA926956627|||drop_off|||me2|||||||||17
605643|||0||||||MLA927103342|||drop_off|||me2|||||||||17
605644|||0||||||MLA927155567|||drop_off|||me2|||||||||17
605645|||0||||||MLA927258978|||drop_off|||me2|||||||||17
605646|||0|||true|||MLA927264082|||drop_off|||me2|||||||||17
605647|||0||||||MLA927289343|||drop_off|||me2|||||||||17
605648|||0||||||MLA927318471|||drop_off|||me2|||||||||17
605649|||0||||||MLA928250704|||drop_off|||me2|||||||||17
605650|||0|||true|||MLA928257281|||drop_off|||me2|||||||||17
605651|||0|||true|||MLA928283467|||drop_off|||me2|||||||||17
605652|||0|||true|||MLA928637122|||drop_off|||me2|||||||||17
605653|||0||||||MLA928644906|||drop_off|||me2|||||||||17
605654|||0||||||MLA928733898|||drop_off|||me2|||||||||17
605655|||0||||||MLA929116448|||drop_off|||me2|||||||||17
605656|||0||||||MLA929197654|||drop_off|||me2|||||||||17
605657|||0|||true|||MLA929352417|||drop_off|||me2|||||||||17
605658|||0||||||MLA929416764|||drop_off|||me2|||||||||17
605659|||0||||||MLA929639469|||drop_off|||me2|||||||||17
605660|||0||||||MLA930137322|||drop_off|||me2|||||||||17
605661|||0||||||MLA930170234|||drop_off|||me2|||||||||17
605662|||0||||||MLA930262034|||drop_off|||me2|||||||||17
605663|||0||||||MLA930262886|||drop_off|||me2|||||||||17
605664|||0|||true|||MLA930391773|||drop_off|||me2|||||||||17
605665|||0||||||MLA930403778|||drop_off|||me2|||||||||17
605666|||0||||||MLA930494094|||drop_off|||me2|||||||||17
605667|||0||||||MLA930543162|||drop_off|||me2|||||||||17
605668|||0|||true|||MLA930737508|||drop_off|||me2|||||||||17
605669|||0||||||MLA930845077|||drop_off|||me2|||||||||17
605670|||0||||||MLA930983737|||drop_off|||me2|||||||||17
605671|||0|||true|||MLA931149636|||drop_off|||me2|||||||||17
605672|||0|||true|||MLA931151102|||drop_off|||me2|||||||||17
605673|||0|||true|||MLA931522229|||drop_off|||me2|||||||||17
605674|||0|||true|||MLA931558436|||drop_off|||me2|||||||||17
605675|||0||||||MLA932244690|||drop_off|||me2|||||||||17
605676|||0||||||MLA932288935|||drop_off|||me2|||||||||17
605677|||0|||true|||MLA932427924|||drop_off|||me2|||||||||17
605678|||0||||||MLA932474685|||drop_off|||me2|||||||||17
605679|||0||||||MLA932555204|||drop_off|||me2|||||||||17
605680|||0||||||MLA932608350|||drop_off|||me2|||||||||17
605681|||0|||true|||MLA932675722|||drop_off|||me2|||||||||17
605682|||0|||true|||MLA932702451|||drop_off|||me2|||||||||17
605683|||0||||||MLA932760878|||drop_off|||me2|||||||||17
605684|||0|||true|||MLA932803127|||drop_off|||me2|||||||||17
605685|||0||||||MLA933058109|||drop_off|||me2|||||||||17
605686|||0|||true|||MLA933286429|||drop_off|||me2|||||||||17
605687|||0|||true|||MLA933411516|||drop_off|||me2|||||||||17
605688|||0||||||MLA933484609|||drop_off|||me2|||||||||17
605689|||0||||||MLA933579187|||drop_off|||me2|||||||||17
605690|||0||||||MLA933620870|||drop_off|||me2|||||||||17
605691|||0|||true|||MLA933704870|||drop_off|||me2|||||||||17
605692|||0|||true|||MLA933705989|||drop_off|||me2|||||||||17
605693|||0|||true|||MLA933706939|||drop_off|||me2|||||||||17
605694|||0||||||MLA933793141|||drop_off|||me2|||||||||17
605695|||0|||true|||MLA933816070|||drop_off|||me2|||||||||17
605696|||0||||||MLA933942567|||drop_off|||me2|||||||||17
605697|||0||||||MLA933942567|||drop_off|||me2|||||||||17
605698|||0|||true|||MLA934165331|||drop_off|||me2|||||||||17
605699|||0||||||MLA934317608|||drop_off|||me2|||||||||17
605700|||0||||||MLA934474295|||xd_drop_off|||me2|||||||||17
605701|||0||||||MLA934509035|||drop_off|||me2|||||||||17
605702|||0|||true|||MLA934536738|||xd_drop_off|||me2|||||||||17
605703|||0|||true|||MLA934588861|||drop_off|||me2|||||||||17
605704|||0||||||MLA934616728|||drop_off|||me2|||||||||17
605705|||0||||||MLA934651492|||drop_off|||me2|||||||||17
605706|||0||||||MLA934750728|||drop_off|||me2|||||||||17
605707|||0||||||MLA934806739|||drop_off|||me2|||||||||17
605708|||0|||true|||MLA935002774|||drop_off|||me2|||||||||17
605709|||0||||||MLA935096460|||xd_drop_off|||me2|||||||||17
605710|||0|||true|||MLA935103999|||drop_off|||me2|||||||||17
605711|||0|||true|||MLA935130731|||drop_off|||me2|||||||||17
605712|||0||||||MLA935213209|||drop_off|||me2|||||||||17
605713|||0||||||MLA935249780|||drop_off|||me2|||||||||17
605714|||0||||||MLA935302593|||drop_off|||me2|||||||||17
605715|||0||||||MLA935347630|||drop_off|||me2|||||||||17
605716|||0||||||MLA874959878|||xd_drop_off|||me2|||||||||17
605717|||0|||true|||MLA927500878|||drop_off|||me2|||||||||17
605718|||0|||true|||MLA927595345|||drop_off|||me2|||||||||17
605719|||0|||true|||MLA927626527|||drop_off|||me2|||||||||17
605720|||0|||true|||MLA928280880|||drop_off|||me2|||||||||17
605721|||0||||||MLA928414291|||drop_off|||me2|||||||||17
605722|||0|||true|||MLA928577921|||drop_off|||me2|||||||||17
605723|||0||||||MLA928705107|||drop_off|||me2|||||||||17
605724|||0||||||MLA929004230|||drop_off|||me2|||||||||17
605725|||0||||||MLA929214554|||drop_off|||me2|||||||||17
605726|||0||||||MLA929938820|||not_specified|||not_specified||||||is_flammable|||17
605727|||0||||||MLA930191597|||drop_off|||me2|||||||||17
605728|||0||||||MLA930233418|||drop_off|||me2|||||||||17
605729|||0||||||MLA930326788|||drop_off|||me2|||||||||17
605730|||0||||||MLA930545068|||drop_off|||me2|||||||||17
605731|||0||||||MLA932202694|||drop_off|||me2|||||||||17
605732|||0|||true|||MLA932287851|||drop_off|||me2|||||||||17
605733|||0||||||MLA933103387|||drop_off|||me2|||||||||17
605734|||0||||||MLA933184770|||drop_off|||me2|||||||||17
605735|||0||||||MLA933327139|||drop_off|||me2|||||||||17
605736|||0|||true|||MLA933705973|||drop_off|||me2|||||||||17
605737|||0||||||MLA933722219|||drop_off|||me2|||||||||17
605738|||0||||||MLA933822641|||drop_off|||me2|||||||||17
605739|||0|||true|||MLA933858604|||drop_off|||me2|||||||||17
605740|||0||||||MLA933922675|||drop_off|||me2|||||||||17
605741|||0||||||MLA934215977|||drop_off|||me2|||||||||17
605742|||0||||||MLA934253447|||drop_off|||me2|||||||||17
605743|||0||||||MLA934279972|||drop_off|||me2|||||||||17
605744|||0||||||MLA934377181|||drop_off|||me2|||||||||17
605745|||0|||true|||MLA934579890|||drop_off|||me2|||||||||17
605746|||0||||||MLA934851423|||drop_off|||me2|||||||||17
605747|||0|||true|||MLA934919598|||drop_off|||me2|||||||||17
605748|||0|||true|||MLA935002339|||drop_off|||me2|||||||||17
605749|||0||||||MLA935006890|||xd_drop_off|||me2|||||||||17
605750|||0||||||MLA935075583|||drop_off|||me2|||||||||17
605751|||0||||||MLA935086414|||drop_off|||me2|||||||||17
605752|||0|||true|||MLA935100133|||xd_drop_off|||me2|||||||||17
605753|||0|||true|||MLA935178904|||drop_off|||me2|||||||||17
605754|||0||||||MLA935230047|||drop_off|||me2|||||||||17
605755|||0||||||MLA935250721|||drop_off|||me2|||||||||17
605756|||0||||||MLA935301087|||drop_off|||me2|||||||||17
605757|||0||||||MLA935318944|||drop_off|||me2|||||||||17
605758|||0||||||MLA935378233|||drop_off|||me2|||||||||17
605759|||0|||true|||MLA935410433|||drop_off|||me2|||||||||17
605760|||0||||||MLA933192567|||drop_off|||me2|||||||||17
605761|||0|||true|||MLA928358529|||drop_off|||me2|||||||||17
605762|||0||||||MLA928856353|||drop_off|||me2|||||||||17
605763|||0||||||MLA929669454|||drop_off|||me2|||||||||17
605764|||0|||true|||MLA927298306|||drop_off|||me2|||||||||17
605765|||0||||||MLA934213256|||drop_off|||me2|||||||||17
605766|||0||||||MLA933067714|||xd_drop_off|||me2|||||||||17
605767|||0||||||MLA930506355|||drop_off|||me2|||||||||17
605768|||0||||||MLA934857131|||xd_drop_off|||me2|||||||||17
605769|||0||||||MLA927462711|||drop_off|||me2|||||||||17
605770|||0||||||MLA930016821|||drop_off|||me2|||||||||17
605771|||0||||||MLA930573094|||drop_off|||me2|||||||||17
605772|||0|||true|||MLA933095694|||drop_off|||me2|||||||||17
605773|||0||||||MLA928018308|||drop_off|||me2|||||||||17
605774|||0||||||MLA930823830|||drop_off|||me2|||||||||17
605775|||0|||true|||MLA934446300|||drop_off|||me2|||||||||17
605776|||0||||||MLA933400084|||drop_off|||me2|||||||||17
605777|||0||||||MLA927884382|||drop_off|||me2|||||||||17
605778|||0||||||MLA929995565|||drop_off|||me2|||||||||17
605779|||0||||||MLA930485241|||drop_off|||me2|||||||||17
605780|||0|||true|||MLA929602915|||drop_off|||me2|||||||||17
605781|||0||||||MLA927102695|||drop_off|||me2|||||||||17
605782|||0||||||MLA932695481|||drop_off|||me2|||||||||17
605783|||0||||||MLA932737149|||drop_off|||me2|||||||||17
605784|||0|||true|||MLA927025084|||drop_off|||me2|||||||||17
605785|||0||||||MLA927769722|||drop_off|||me2|||||||||17
605786|||0||||||MLA933284826|||drop_off|||me2|||||||||17
605787|||0||||||MLA901594116|||xd_drop_off|||me2|||||||||17
605788|||0||||||MLA928276108|||drop_off|||me2|||||||||17
605789|||0||||||MLA929508178|||drop_off|||me2|||||||||17
605790|||0||||||MLA927194047|||drop_off|||me2|||||||||17
605791|||0||||||MLA933736842|||xd_drop_off|||me2|||||||||17
605792|||0|||true|||MLA930787771|||drop_off|||me2|||||||||17
605793|||0||||||MLA934441349|||drop_off|||me2|||||||||17
605794|||0||||||MLA928035017|||drop_off|||me2|||||||||17
605795|||0|||true|||MLA928667988|||drop_off|||me2|||||||||17
605796|||0|||true|||MLA930808426|||drop_off|||me2|||||||||17
605797|||0||||||MLA927784558|||xd_drop_off|||me2|||||||||17
605798|||0|||true|||MLA933409373|||drop_off|||me2|||||||||17
605799|||0||||||MLA929027974|||drop_off|||me2|||||||||17
605800|||0||||||MLA934943245|||drop_off|||me2|||||||||17
605801|||0||||||MLA927022927|||drop_off|||me2|||||||||17
605802|||0||||||MLA931109782|||drop_off|||me2|||||||||17
605803|||0||||||MLA928118503|||drop_off|||me2|||||||||17
605804|||0||||||MLA929211299|||drop_off|||me2|||||||||17
605805|||0|||true|||MLA930379343|||drop_off|||me2|||||||||17
605806|||0||||||MLA930843408|||drop_off|||me2|||||||||17
605807|||0|||true|||MLA930914191|||xd_drop_off|||me2|||||||||17
605808|||0|||true|||MLA932278899|||drop_off|||me2|||||||||17
605809|||0|||true|||MLA927535263|||drop_off|||me2|||||||||17
605810|||0|||true|||MLA929024957|||drop_off|||me2|||||||||17
605811|||0||||||MLA930139125|||drop_off|||me2|||||||||17
605812|||0||||||MLA930673228|||drop_off|||me2|||||||||17
605813|||0||||||MLA933077770|||drop_off|||me2|||||||||17
605814|||0||||||MLA933659705|||drop_off|||me2|||||||||17
605815|||0||||||MLA927568879|||drop_off|||me2|||||||||17
605816|||0|||true|||MLA927743597|||drop_off|||me2|||||||||17
605817|||0||||||MLA929571551|||drop_off|||me2|||||||||17
605818|||0||||||MLA932577306|||drop_off|||me2|||||||||17
605819|||0||||||MLA933650373|||drop_off|||me2|||||||||17
605820|||0||||||MLA930636883|||drop_off|||me2|||||||||17
605821|||0||||||MLA933021708|||drop_off|||me2|||||||||17
605822|||0|||true|||MLA928325112|||drop_off|||me2|||||||||17
605823|||0||||||MLA929610745|||drop_off|||me2|||||||||17
605824|||0|||true|||MLA931097319|||drop_off|||me2|||||||||17
605825|||0||||||MLA928281255|||drop_off|||me2|||||||||17
605826|||0||||||MLA928574002|||drop_off|||me2|||||||||17
605827|||0||||||MLA930910927|||drop_off|||me2|||||||||17
605828|||0||||||MLA929736808|||drop_off|||me2|||||||||17
605829|||0||||||MLA932668133|||drop_off|||me2|||||||||17
605830|||0||||||MLA930927791|||drop_off|||me2|||||||||17
605831|||0||||||MLA927292707|||xd_drop_off|||me2|||||||||17
605832|||0||||||MLA933652061|||xd_drop_off|||me2|||||||||17
605833|||0|||true|||MLA934936496|||drop_off|||me2|||||||||17
605834|||0||||||MLA930916036|||drop_off|||me2|||||||||17
605835|||0||||||MLA933410073|||xd_drop_off|||me2|||||||||17
605836|||0|||true|||MLA934145539|||drop_off|||me2|||||||||17
605837|||0|||true|||MLA930155130|||drop_off|||me2|||||||||17
605838|||0|||true|||MLA927100578|||drop_off|||me2|||||||||17
605839|||0||||||MLA929485056|||drop_off|||me2|||||||||17
605840|||0||||||MLA929528258|||drop_off|||me2|||||||||17
605841|||0|||true|||MLA927191131|||xd_drop_off|||me2|||||||||17
605842|||0||||||MLA912223966|||drop_off|||me2|||||||||17
605843|||0||||||MLA930921095|||drop_off|||me2|||||||||17
605844|||0|||true|||MLA930315997|||xd_drop_off|||me2|||||||||17
605845|||0||||||MLA928441918|||drop_off|||me2|||||||||17
605846|||0||||||MLA932281890|||drop_off|||me2|||||||||17
605847|||0||||||MLA924286101|||xd_drop_off|||me2|||||||||17
605848|||0|||true|||MLA928911286|||drop_off|||me2|||||||||17
605849|||0|||true|||MLA930032049|||xd_drop_off|||me2|||||||||17
605850|||0|||true|||MLA931031017|||xd_drop_off|||me2|||||||||17
605851|||0|||true|||MLA906035092|||xd_drop_off|||me2|||||||||17
605852|||0|||true|||MLA912223321|||drop_off|||me2|||||||||17
605853|||0||||||MLA932221121|||drop_off|||me2|||||||||17
605854|||0|||true|||MLA927632703|||drop_off|||me2|||||||||17
605855|||0||||||MLA917757728|||xd_drop_off|||me2|||||||||17
605856|||0||||||MLA908627478|||xd_drop_off|||me2|||||||||17
605857|||0|||true|||MLA930979555|||xd_drop_off|||me2|||||||||17
605858|||0||||||MLA926150235|||drop_off|||me2|||||||||17
605859|||0||||||MLA764384890|||drop_off|||me2|||||||||17
605860|||0|||true|||MLA933711619|||xd_drop_off|||me2|||||||||17
605861|||0|||true|||MLA908147965|||drop_off|||me2|||||||||17
605862|||0||||||MLA899021542|||drop_off|||me2|||||||||17
605863|||0||||||MLA929119232|||drop_off|||me2|||||||||17
605864|||0||||||MLA927020189|||drop_off|||me2|||||||||17
605865|||0|||true|||MLA927633598|||drop_off|||me2|||||||||17
605866|||0|||true|||MLA877368658|||xd_drop_off|||me2|||||||||17
605867|||0||||||MLA907794698|||xd_drop_off|||me2|||||||||17
605868|||0|||true|||MLA922716111|||xd_drop_off|||me2|||||||||17
605869|||0|||true|||MLA880957244|||xd_drop_off|||me2||||||mandatory_free_shipping|||17
605870|||0||||||MLA932834717|||xd_drop_off|||me2|||||||||17
605871|||0||||||MLA880316517|||xd_drop_off|||me2||||||self_service_out|||17
605872|||0||||||MLA897584788|||xd_drop_off|||me2|||||||||17
605873|||0|||true|||MLA904492824|||drop_off|||me2|||||||||17
605874|||0|||true|||MLA926810108|||xd_drop_off|||me2|||||||||17
605875|||0|||true|||MLA934746031|||drop_off|||me2|||||||||17
605876|||0|||true|||MLA928420603|||drop_off|||me2|||||||||17
605877|||0||||||MLA933888269|||drop_off|||me2|||||||||17
605878|||0|||true|||MLA928420577|||drop_off|||me2|||||||||17
605879|||0|||true|||MLA931931156|||xd_drop_off|||me2|||||||||17
605880|||0||||||MLA912271721|||xd_drop_off|||me2|||||||||17
605881|||0|||true|||MLA928421383|||drop_off|||me2|||||||||17
605882|||0|||true|||MLA843993800|||xd_drop_off|||me2||||||mandatory_free_shipping|||17
605883|||0|||true|||MLA886747596|||xd_drop_off|||me2||||||mandatory_free_shipping|||17
605884|||0||||||MLA916570445|||xd_drop_off|||me2|||||||||17
605885|||0|||true|||MLA896963011|||drop_off|||me2|||||||||17
605886|||0||||||MLA918512612|||xd_drop_off|||me2|||||||||17
605887|||0||||||MLA917513818|||xd_drop_off|||me2|||||||||17
605888|||0||||||MLA917823727|||drop_off|||me2|||||||||17
605889|||0|||true|||MLA922239795|||xd_drop_off|||me2||||||mandatory_free_shipping|||17
605890|||0||||||MLA933702122|||xd_drop_off|||me2|||||||||17
605891|||0|||true|||MLA922239592|||xd_drop_off|||me2||||||mandatory_free_shipping|||17
