604550|||0|||true|||MLA902122706|||cross_docking|||me2||||||self_service_out,mandatory_free_shipping|||11
604551|||0|||true|||MLA905619849|||cross_docking|||me2||||||self_service_in,mandatory_free_shipping|||11
604552|||0|||true|||MLA929733256|||drop_off|||me2||||||self_service_in,mandatory_free_shipping|||11
604553|||0|||true|||MLA918509452|||drop_off|||me2||||||mandatory_free_shipping|||11
604554|||0|||true|||MLA870110681|||drop_off|||me2||||||mandatory_free_shipping|||11
604555|||0|||true|||MLA925695443|||drop_off|||me2||||||mandatory_free_shipping|||11
604556|||0|||true|||MLA925140531|||drop_off|||me2||||||mandatory_free_shipping|||11
604557|||0|||true|||MLA927465633|||drop_off|||me2||||||mandatory_free_shipping|||11
604558|||0|||true|||MLA873522864|||drop_off|||me2||||||mandatory_free_shipping|||11
604559|||0|||true|||MLA886744525|||xd_drop_off|||me2||||||self_service_in,mandatory_free_shipping|||11
604560|||0|||true|||MLA930071441|||drop_off|||me2||||||mandatory_free_shipping|||11
604561|||0|||true|||MLA927621292|||drop_off|||me2||||||mandatory_free_shipping|||11
604562|||0|||true|||MLA919137437|||drop_off|||me2||||||mandatory_free_shipping|||11
604563|||0|||true|||MLA916397846|||xd_drop_off|||me2||||||mandatory_free_shipping|||11
604564|||0|||true|||MLA929168254|||drop_off|||me2||||||mandatory_free_shipping|||11
604565|||0|||true|||MLA927974852|||xd_drop_off|||me2||||||mandatory_free_shipping|||11
604566|||0|||true|||MLA927972717|||xd_drop_off|||me2||||||mandatory_free_shipping|||11
604567|||0|||true|||MLA927676157|||cross_docking|||me2||||||self_service_in,mandatory_free_shipping|||11
604568|||0|||true|||MLA905311642|||drop_off|||me2||||||mandatory_free_shipping|||11
604569|||0|||true|||MLA580026798|||drop_off|||me2||||||mandatory_free_shipping|||11
604570|||0|||true|||MLA896949940|||drop_off|||me2||||||mandatory_free_shipping|||11
604571|||0|||true|||MLA824157404|||drop_off|||me2||||||mandatory_free_shipping|||11
604572|||0|||true|||MLA927984079|||xd_drop_off|||me2||||||mandatory_free_shipping|||11
604573|||0|||true|||MLA916643793|||drop_off|||me2||||||mandatory_free_shipping|||11
604574|||0|||true|||MLA927984021|||xd_drop_off|||me2||||||mandatory_free_shipping|||11
604575|||0|||true|||MLA927984342|||xd_drop_off|||me2||||||mandatory_free_shipping|||11
604576|||0|||true|||MLA919071698|||drop_off|||me2||||||mandatory_free_shipping|||11
604577|||0|||true|||MLA922239592|||drop_off|||me2||||||mandatory_free_shipping|||11
604578|||0|||true|||MLA922239795|||drop_off|||me2||||||mandatory_free_shipping|||11
604579|||0|||true|||MLA923953312|||drop_off|||me2||||||mandatory_free_shipping|||11
604580|||0|||true|||MLA929733865|||drop_off|||me2||||||self_service_in,mandatory_free_shipping|||11
604581|||0|||true|||MLA923952546|||drop_off|||me2||||||mandatory_free_shipping|||11
604582|||0|||true|||MLA927982757|||xd_drop_off|||me2||||||mandatory_free_shipping|||11
604583|||0|||true|||MLA923955282|||drop_off|||me2||||||mandatory_free_shipping|||11
604584|||0|||true|||MLA898814017|||drop_off|||me2||||||mandatory_free_shipping|||11
604585|||0|||true|||MLA914770975|||drop_off|||me2||||||mandatory_free_shipping|||11
604586|||0|||true|||MLA897779279|||drop_off|||me2||||||mandatory_free_shipping|||11
604587|||0|||true|||MLA900703876|||cross_docking|||me2||||||self_service_in,mandatory_free_shipping|||11
604588|||0|||true|||MLA918252760|||drop_off|||me2||||||mandatory_free_shipping|||11
604589|||0|||true|||MLA926843446|||xd_drop_off|||me2||||||mandatory_free_shipping|||11
604590|||0|||true|||MLA916554365|||drop_off|||me2||||||mandatory_free_shipping|||11
604591|||0|||true|||MLA923953687|||drop_off|||me2||||||mandatory_free_shipping|||11
604592|||0|||true|||MLA906265339|||drop_off|||me2||||||mandatory_free_shipping|||11
604593|||0|||true|||MLA926843361|||xd_drop_off|||me2||||||mandatory_free_shipping|||11
604594|||0|||true|||MLA899538162|||xd_drop_off|||me2||||||mandatory_free_shipping|||11
604595|||0|||true|||MLA926841762|||xd_drop_off|||me2||||||mandatory_free_shipping|||11
604596|||0|||true|||MLA905734861|||xd_drop_off|||me2||||||mandatory_free_shipping|||11
604597|||0|||true|||MLA874914588|||drop_off|||me2||||||mandatory_free_shipping|||11
604598|||0|||true|||MLA913744874|||drop_off|||me2||||||mandatory_free_shipping|||11
604599|||0|||true|||MLA899537446|||xd_drop_off|||me2||||||mandatory_free_shipping|||11
604600|||0|||true|||MLA899536668|||xd_drop_off|||me2||||||mandatory_free_shipping|||11
604601|||0|||true|||MLA874908799|||drop_off|||me2||||||mandatory_free_shipping|||11
604602|||0|||true|||MLA885741671|||xd_drop_off|||me2||||||mandatory_free_shipping|||11
604603|||0|||true|||MLA912039309|||drop_off|||me2||||||mandatory_free_shipping|||11
604604|||0|||true|||MLA910146691|||drop_off|||me2||||||mandatory_free_shipping|||11
604605|||0|||true|||MLA874804591|||xd_drop_off|||me2||||||mandatory_free_shipping|||11
604606|||0|||true|||MLA899537744|||xd_drop_off|||me2||||||mandatory_free_shipping|||11
604607|||0|||true|||MLA879391435|||cross_docking|||me2||||||self_service_in,mandatory_free_shipping|||11
604608|||0|||true|||MLA901503166|||drop_off|||me2||||||mandatory_free_shipping|||11
604609|||0||||||MLA924340278|||drop_off|||me2|||||||||11
604610|||0|||true|||MLA920928130|||drop_off|||me2|||||||||11
604611|||0||||||MLA898987596|||drop_off|||me2|||||||||11
604612|||0||||||MLA929145021|||drop_off|||me2|||||||||11
604613|||0||||||MLA925818731|||drop_off|||me2|||||||||11
604614|||0|||true|||MLA926841695|||xd_drop_off|||me2|||||||||11
604615|||0|||true|||MLA926844060|||xd_drop_off|||me2||||||mandatory_free_shipping|||11
604616|||0||||||MLA927282806|||xd_drop_off|||me2|||||||||11
604617|||0|||true|||MLA928376168|||cross_docking|||me2||||||self_service_in|||11
604618|||0||||||MLA922350769|||xd_drop_off|||me2||||||self_service_in|||11
604619|||0||||||MLA907498836|||xd_drop_off|||me2|||||||||11
604620|||0||||||MLA901594116|||xd_drop_off|||me2|||||||||11
604621|||0|||true|||MLA899794136|||xd_drop_off|||me2|||||||||11
604622|||0||||||MLA909994145|||xd_drop_off|||me2|||||||||11
604623|||0|||true|||MLA923390349|||xd_drop_off|||me2|||||||||11
604624|||0||||||MLA926841185|||xd_drop_off|||me2|||||||||11
604625|||0|||true|||MLA919496715|||xd_drop_off|||me2|||||||||11
604626|||0||||||MLA927670292|||xd_drop_off|||me2|||||||||11
604627|||0||||||MLA913896962|||xd_drop_off|||me2|||||||||11
604628|||0||||||MLA902451577|||xd_drop_off|||me2|||||||||11
604629|||0||||||MLA916712242|||xd_drop_off|||me2|||||||||11
604630|||0||||||MLA913115131|||xd_drop_off|||me2|||||||||11
604631|||0||||||MLA929168939|||xd_drop_off|||me2|||||||||11
604632|||0|||true|||MLA920126254|||drop_off|||me2|||||||||11
604633|||0||||||MLA925137936|||xd_drop_off|||me2|||||||||11
604634|||0||||||MLA926428933|||xd_drop_off|||me2|||||||||11
604635|||0|||true|||MLA927666501|||cross_docking|||me2||||||self_service_in|||11
604636|||0||||||MLA927664651|||xd_drop_off|||me2||||||self_service_in|||11
604637|||0|||true|||MLA923939787|||xd_drop_off|||me2|||||||||11
604638|||0|||true|||MLA923375917|||xd_drop_off|||me2|||||||||11
604639|||0|||true|||MLA917094784|||xd_drop_off|||me2|||||||||11
604640|||0||||||MLA925900557|||drop_off|||me2|||||||||11
604641|||0|||true|||MLA884296398|||xd_drop_off|||me2|||||||||11
604642|||0||||||MLA924189989|||drop_off|||me2|||||||||11
604643|||0||||||MLA923612899|||xd_drop_off|||me2|||||||||11
604644|||0|||true|||MLA871223384|||xd_drop_off|||me2|||||||||11
604645|||0|||true|||MLA866415344|||xd_drop_off|||me2|||||||||11
604646|||0||||||MLA853650712|||xd_drop_off|||me2|||||||||11
604647|||0|||true|||MLA871223384|||xd_drop_off|||me2|||||||||11
604648|||0|||true|||MLA866415344|||xd_drop_off|||me2|||||||||11
604649|||0||||||MLA853650712|||xd_drop_off|||me2|||||||||11
604650|||0|||true|||MLA923081399|||xd_drop_off|||me2|||||||||11
604651|||0|||true|||MLA906964801|||xd_drop_off|||me2|||||||||11
604652|||0||||||MLA911204267|||xd_drop_off|||me2|||||||||11
604653|||0|||true|||MLA921235754|||xd_drop_off|||me2|||||||||11
604654|||0|||true|||MLA827019976|||xd_drop_off|||me2|||||||||11
604655|||0||||||MLA915196807|||xd_drop_off|||me2|||||||||11
604656|||0|||true|||MLA929990774|||xd_drop_off|||me2|||||||||11
604657|||0|||true|||MLA905209918|||xd_drop_off|||me2|||||||||11
604658|||0|||true|||MLA898437318|||xd_drop_off|||me2|||||||||11
604659|||0|||true|||MLA923971244|||xd_drop_off|||me2|||||||||11
604660|||0||||||MLA919760236|||xd_drop_off|||me2|||||||||11
604661|||0||||||MLA913484892|||drop_off|||me2|||||||||11
604662|||0|||true|||MLA922035130|||xd_drop_off|||me2|||||||||11
604663|||0|||true|||MLA898283106|||xd_drop_off|||me2|||||||||11
604664|||0|||true|||MLA912301249|||drop_off|||me2|||||||||11
604665|||0|||true|||MLA919901998|||xd_drop_off|||me2|||||||||11
604666|||0|||true|||MLA926765574|||xd_drop_off|||me2|||||||||11
604667|||0|||true|||MLA886693980|||xd_drop_off|||me2|||||||||11
604668|||0||||||MLA878537599|||xd_drop_off|||me2|||||||||11
604669|||0|||true|||MLA917283936|||xd_drop_off|||me2|||||||||11
604670|||0|||true|||MLA926926478|||xd_drop_off|||me2|||||||||11
604671|||0||||||MLA873002576|||xd_drop_off|||me2|||||||||11
604672|||0|||true|||MLA883460261|||xd_drop_off|||me2|||||||||11
604673|||0||||||MLA898856460|||xd_drop_off|||me2|||||||||11
604674|||0|||true|||MLA914337060|||xd_drop_off|||me2|||||||||11
604675|||0|||true|||MLA905152250|||xd_drop_off|||me2|||||||||11
604676|||0||||||MLA910014309|||xd_drop_off|||me2|||||||||11
604677|||0||||||MLA912173876|||xd_drop_off|||me2|||||||||11
604678|||0|||true|||MLA918833168|||xd_drop_off|||me2|||||||||11
604679|||0||||||MLA922222810|||drop_off|||me2|||||||||11
604680|||0|||true|||MLA918824067|||xd_drop_off|||me2|||||||||11
604681|||0|||true|||MLA926575120|||xd_drop_off|||me2|||||||||11
604682|||0|||true|||MLA924614769|||xd_drop_off|||me2|||||||||11
604683|||0||||||MLA908138311|||xd_drop_off|||me2|||||||||11
604684|||0|||true|||MLA924376396|||drop_off|||me2|||||||||11
604685|||0|||true|||MLA925396790|||xd_drop_off|||me2|||||||||11
604686|||0||||||MLA907252426|||drop_off|||me2|||||||||11
604687|||0|||true|||MLA907552531|||drop_off|||me2|||||||||11
604688|||0||||||MLA915775759|||xd_drop_off|||me2|||||||||11
604689|||0||||||MLA910129424|||xd_drop_off|||me2||||||self_service_in|||11
604690|||0|||true|||MLA918861674|||drop_off|||me2|||||||||11
604691|||0|||true|||MLA928293668|||xd_drop_off|||me2|||||||||11
604692|||0||||||MLA923784189|||xd_drop_off|||me2||||||self_service_in|||11
604693|||0|||true|||MLA925395543|||drop_off|||me2|||||||||11
604694|||0||||||MLA900919457|||drop_off|||me2|||||||||11
604695|||0|||true|||MLA903374286|||drop_off|||me2|||||||||11
604696|||0||||||MLA919664087|||xd_drop_off|||me2|||||||||11
604697|||0||||||MLA926729647|||xd_drop_off|||me2|||||||||11
604698|||0|||true|||MLA925397629|||drop_off|||me2|||||||||11
604699|||0|||true|||MLA879599797|||drop_off|||me2|||||||||11
604700|||0||||||MLA915783915|||xd_drop_off|||me2|||||||||11
604701|||0||||||MLA925038205|||xd_drop_off|||me2|||||||||11
604702|||0|||true|||MLA927632703|||drop_off|||me2|||||||||11
604703|||0|||true|||MLA909276539|||xd_drop_off|||me2|||||||||11
604704|||0|||true|||MLA920903182|||xd_drop_off|||me2|||||||||11
604705|||0||||||MLA920035470|||xd_drop_off|||me2|||||||||11
604706|||0||||||MLA920900943|||xd_drop_off|||me2|||||||||11
604707|||0||||||MLA903890180|||xd_drop_off|||me2|||||||||11
604708|||0||||||MLA872429762|||xd_drop_off|||me2|||||||||11
604709|||0||||||MLA873694865|||xd_drop_off|||me2|||||||||11
604710|||0||||||MLA876650228|||xd_drop_off|||me2|||||||||11
604711|||0||||||MLA908404043|||xd_drop_off|||me2|||||||||11
604712|||0||||||MLA872431228|||xd_drop_off|||me2|||||||||11
604713|||0|||true|||MLA907880424|||xd_drop_off|||me2|||||||||11
604714|||0|||true|||MLA919671051|||xd_drop_off|||me2|||||||||11
604715|||0|||true|||MLA919314466|||xd_drop_off|||me2|||||||||11
604716|||0|||true|||MLA919761713|||xd_drop_off|||me2|||||||||11
604717|||0||||||MLA905025898|||xd_drop_off|||me2|||||||||11
604718|||0|||true|||MLA922364801|||xd_drop_off|||me2|||||||||11
604719|||0||||||MLA912114226|||xd_drop_off|||me2|||||||||11
604720|||0|||true|||MLA927638079|||xd_drop_off|||me2|||||||||11
604721|||0||||||MLA929585284|||xd_drop_off|||me2|||||||||11
604722|||0||||||MLA929979362|||drop_off|||me2|||||||||11
604723|||0|||true|||MLA928883939|||drop_off|||me2|||||||||11
604724|||0|||true|||MLA912903509|||drop_off|||me2|||||||||11
604725|||0||||||MLA914403173|||drop_off|||me2|||||||||11
604726|||0||||||MLA928121984|||drop_off|||me2|||||||||11
604727|||0||||||MLA921105268|||drop_off|||me2|||||||||11
604728|||0||||||MLA912707839|||drop_off|||me2|||||||||11
604729|||0||||||MLA923090117|||drop_off|||me2|||||||||11
604730|||0||||||MLA911989119|||drop_off|||me2|||||||||11
604731|||0||||||MLA901528636|||drop_off|||me2|||||||||11
604732|||0||||||MLA918853658|||drop_off|||me2|||||||||11
604733|||0|||true|||MLA914421995|||drop_off|||me2|||||||||11
604734|||0|||true|||MLA928929895|||drop_off|||me2|||||||||11
604735|||0||||||MLA915850946|||drop_off|||me2|||||||||11
604736|||0|||true|||MLA921765664|||drop_off|||me2|||||||||11
604737|||0|||true|||MLA923616126|||drop_off|||me2|||||||||11
604738|||0||||||MLA920026814|||drop_off|||me2|||||||||11
604739|||0||||||MLA911336795|||drop_off|||me2|||||||||11
604740|||0||||||MLA906385127|||drop_off|||me2|||||||||11
604741|||0|||true|||MLA924376756|||drop_off|||me2|||||||||11
604742|||0||||||MLA866960411|||drop_off|||me2|||||||||11
604743|||0||||||MLA876240072|||drop_off|||me2|||||||||11
604744|||0||||||MLA900269852|||drop_off|||me2|||||||||11
604745|||0|||true|||MLA924539620|||drop_off|||me2|||||||||11
604746|||0|||true|||MLA879599890|||drop_off|||me2|||||||||11
604747|||0|||true|||MLA876141088|||drop_off|||me2|||||||||11
604748|||0|||true|||MLA919682573|||drop_off|||me2|||||||||11
604749|||0|||true|||MLA918604624|||drop_off|||me2|||||||||11
604750|||0|||true|||MLA923972164|||drop_off|||me2|||||||||11
604751|||0||||||MLA876213915|||drop_off|||me2|||||||||11
604752|||0|||true|||MLA929663599|||drop_off|||me2|||||||||11
604753|||0|||true|||MLA921941805|||drop_off|||me2|||||||||11
604754|||0|||true|||MLA911637359|||drop_off|||me2|||||||||11
604755|||0|||true|||MLA911109184|||drop_off|||me2|||||||||11
604756|||0|||true|||MLA924204341|||drop_off|||me2|||||||||11
604757|||0||||||MLA874630138|||drop_off|||me2|||||||||11
604758|||0|||true|||MLA910424351|||drop_off|||me2|||||||||11
604759|||0||||||MLA926150235|||drop_off|||me2|||||||||11
604760|||0|||true|||MLA923064140|||drop_off|||me2|||||||||11
604761|||0||||||MLA926891077|||drop_off|||me2|||||||||11
604762|||0|||true|||MLA928592181|||drop_off|||me2|||||||||11
604763|||0||||||MLA921459232|||drop_off|||me2|||||||||11
604764|||0|||true|||MLA870023412|||drop_off|||me2|||||||||11
604765|||0||||||MLA912796349|||drop_off|||me2|||||||||11
604766|||0|||true|||MLA917134097|||drop_off|||me2|||||||||11
604767|||0||||||MLA913820357|||drop_off|||me2|||||||||11
604768|||0||||||MLA929774940|||drop_off|||me2|||||||||11
604769|||0||||||MLA924812384|||drop_off|||me2|||||||||11
604770|||0||||||MLA900620193|||drop_off|||me2|||||||||11
604771|||0|||true|||MLA926080721|||drop_off|||me2|||||||||11
604772|||0||||||MLA913820789|||drop_off|||me2|||||||||11
604773|||0|||true|||MLA917830212|||drop_off|||me2|||||||||11
604774|||0||||||MLA912393901|||drop_off|||me2|||||||||11
604775|||0||||||MLA926619588|||drop_off|||me2|||||||||11
604776|||0|||true|||MLA921268679|||drop_off|||me2|||||||||11
604777|||0||||||MLA906348413|||drop_off|||me2|||||||||11
604778|||0|||true|||MLA912597682|||drop_off|||me2|||||||||11
604779|||0|||true|||MLA842011747|||drop_off|||me2|||||||||11
604780|||0|||true|||MLA904211909|||drop_off|||me2|||||||||11
604781|||0|||true|||MLA918564351|||drop_off|||me2|||||||||11
604782|||0|||true|||MLA923703609|||drop_off|||me2||||||self_service_in|||11
604783|||0|||true|||MLA875701219|||drop_off|||me2|||||||||11
604784|||0||||||MLA909127836|||drop_off|||me2|||||||||11
604785|||0|||true|||MLA919521191|||drop_off|||me2|||||||||11
604786|||0|||true|||MLA895927634|||drop_off|||me2|||||||||11
604787|||0|||true|||MLA912988064|||drop_off|||me2|||||||||11
604788|||0||||||MLA909132021|||drop_off|||me2|||||||||11
604789|||0||||||MLA867404257|||drop_off|||me2|||||||||11
604790|||0|||true|||MLA915737818|||drop_off|||me2|||||||||11
604791|||0|||true|||MLA927576106|||drop_off|||me2|||||||||11
604792|||0||||||MLA907184989|||drop_off|||me2|||||||||11
604793|||0|||true|||MLA924404658|||drop_off|||me2|||||||||11
604794|||0|||true|||MLA861356246|||drop_off|||me2|||||||||11
604795|||0|||true|||MLA915120791|||drop_off|||me2|||||||||11
604796|||0||||||MLA923741805|||drop_off|||me2|||||||||11
604797|||0|||true|||MLA917956817|||drop_off|||me2|||||||||11
604798|||0||||||MLA866673554|||drop_off|||me2|||||||||11
604799|||0||||||MLA1100046985|||drop_off|||me2|||||||||11
604800|||0|||true|||MLA924006046|||drop_off|||me2|||||||||11
604801|||0|||true|||MLA914798910|||drop_off|||me2|||||||||11
604802|||0||||||MLA902363095|||drop_off|||me2|||||||||11
604803|||0|||true|||MLA912939995|||drop_off|||me2|||||||||11
604804|||0|||true|||MLA914439536|||drop_off|||me2|||||||||11
604805|||0|||true|||MLA917209111|||drop_off|||me2|||||||||11
604806|||0|||true|||MLA907795349|||drop_off|||me2|||||||||11
604807|||0||||||MLA915654399|||drop_off|||me2|||||||||11
604808|||0|||true|||MLA923624815|||drop_off|||me2|||||||||11
604809|||0|||true|||MLA908601141|||drop_off|||me2|||||||||11
604810|||0|||true|||MLA921883428|||drop_off|||me2|||||||||11
604811|||0||||||MLA916049069|||drop_off|||me2|||||||||11
604812|||0|||true|||MLA925915697|||drop_off|||me2|||||||||11
604813|||0||||||MLA866784568|||drop_off|||me2|||||||||11
604814|||0||||||MLA929480428|||drop_off|||me2|||||||||11
604815|||0|||true|||MLA927177134|||drop_off|||me2|||||||||11
604816|||0|||true|||MLA916186119|||drop_off|||me2|||||||||11
604817|||0|||true|||MLA919337692|||drop_off|||me2|||||||||11
604818|||0|||true|||MLA928164494|||drop_off|||me2|||||||||11
604819|||0||||||MLA916960893|||drop_off|||me2|||||||||11
604820|||0||||||MLA923976976|||drop_off|||me2|||||||||11
604821|||0|||true|||MLA927181901|||drop_off|||me2|||||||||11
604822|||0|||true|||MLA918105896|||drop_off|||me2|||||||||11
604823|||0||||||MLA922203935|||drop_off|||me2|||||||||11
604824|||0||||||MLA926728669|||drop_off|||me2|||||||||11
604825|||0|||true|||MLA897566750|||drop_off|||me2|||||||||11
604826|||0||||||MLA902467343|||drop_off|||me2|||||||||11
604827|||0||||||MLA925727083|||drop_off|||me2|||||||||11
604828|||0|||true|||MLA929844225|||drop_off|||me2|||||||||11
604829|||0||||||MLA928238053|||drop_off|||me2|||||||||11
604830|||0||||||MLA909408537|||drop_off|||me2|||||||||11
604831|||0||||||MLA913611672|||drop_off|||me2|||||||||11
604832|||0||||||MLA926859527|||drop_off|||me2|||||||||11
604833|||0||||||MLA910726375|||drop_off|||me2|||||||||11
604834|||0|||true|||MLA918854296|||drop_off|||me2|||||||||11
604835|||0|||true|||MLA861150249|||drop_off|||me2|||||||||11
604836|||0|||true|||MLA922127673|||drop_off|||me2|||||||||11
604837|||0|||true|||MLA928275855|||drop_off|||me2|||||||||11
604838|||0|||true|||MLA906717157|||drop_off|||me2|||||||||11
604839|||0|||true|||MLA906553929|||drop_off|||me2|||||||||11
604840|||0||||||MLA909602730|||drop_off|||me2|||||||||11
604841|||0||||||MLA918304778|||drop_off|||me2|||||||||11
604842|||0|||true|||MLA907858464|||drop_off|||me2|||||||||11
604843|||0||||||MLA909812148|||drop_off|||me2|||||||||11
604844|||0|||true|||MLA895861206|||drop_off|||me2|||||||||11
604845|||0|||true|||MLA923016084|||drop_off|||me2|||||||||11
604846|||0|||true|||MLA929183970|||drop_off|||me2|||||||||11
604847|||0|||true|||MLA906309272|||drop_off|||me2|||||||||11
604848|||0|||true|||MLA929642847|||drop_off|||me2|||||||||11
604849|||0|||true|||MLA903834279|||drop_off|||me2|||||||||11
604850|||0||||||MLA928270070|||drop_off|||me2|||||||||11
604851|||0|||true|||MLA908688118|||drop_off|||me2|||||||||11
604852|||0|||true|||MLA922137505|||drop_off|||me2|||||||||11
604853|||0|||true|||MLA909969942|||drop_off|||me2|||||||||11
604854|||0||||||MLA926008432|||drop_off|||me2|||||||||11
604855|||0|||true|||MLA928804935|||drop_off|||me2|||||||||11
604856|||0||||||MLA885633366|||drop_off|||me2|||||||||11
604857|||0||||||MLA833270328|||drop_off|||me2|||||||||11
604858|||0|||true|||MLA908331615|||drop_off|||me2|||||||||11
604859|||0|||true|||MLA923048169|||drop_off|||me2|||||||||11
604860|||0||||||MLA912680349|||drop_off|||me2|||||||||11
604861|||0|||true|||MLA920396455|||drop_off|||me2|||||||||11
604862|||0||||||MLA912519692|||drop_off|||me2|||||||||11
604863|||0|||true|||MLA921565376|||drop_off|||me2|||||||||11
604864|||0|||true|||MLA921565318|||drop_off|||me2|||||||||11
604865|||0||||||MLA913351821|||drop_off|||me2|||||||||11
604866|||0|||true|||MLA922117983|||drop_off|||me2|||||||||11
604867|||0||||||MLA908462229|||drop_off|||me2|||||||||11
604868|||0||||||MLA924338652|||drop_off|||me2|||||||||11
604869|||0|||true|||MLA900197442|||drop_off|||me2|||||||||11
604870|||0|||true|||MLA882231656|||drop_off|||me2|||||||||11
604871|||0||||||MLA901811941|||drop_off|||me2|||||||||11
604872|||0||||||MLA929103151|||drop_off|||me2|||||||||11
604873|||0|||true|||MLA907181560|||drop_off|||me2|||||||||11
604874|||0||||||MLA885372401|||drop_off|||me2|||||||||11
604875|||0||||||MLA926473697|||drop_off|||me2|||||||||11
604876|||0|||true|||MLA882321068|||drop_off|||me2|||||||||11
604877|||0||||||MLA927710195|||drop_off|||me2|||||||||11
604878|||0||||||MLA906914945|||drop_off|||me2|||||||||11
604879|||0||||||MLA906812909|||drop_off|||me2|||||||||11
604880|||0|||true|||MLA924854078|||drop_off|||me2|||||||||11
604881|||0|||true|||MLA922087621|||drop_off|||me2|||||||||11
604882|||0||||||MLA914259052|||drop_off|||me2|||||||||11
604883|||0|||true|||MLA922312836|||drop_off|||me2|||||||||11
604884|||0||||||MLA902263981|||drop_off|||me2|||||||||11
604885|||0|||true|||MLA912837473|||drop_off|||me2|||||||||11
604886|||0|||true|||MLA924997368|||drop_off|||me2|||||||||11
604887|||0|||true|||MLA922236062|||drop_off|||me2|||||||||11
604888|||0|||true|||MLA926042419|||drop_off|||me2|||||||||11
604889|||0|||true|||MLA907224780|||drop_off|||me2|||||||||11
604890|||0|||true|||MLA929752204|||drop_off|||me2|||||||||11
604891|||0|||true|||MLA921690682|||drop_off|||me2|||||||||11
604892|||0||||||MLA929718624|||drop_off|||me2|||||||||11
604893|||0||||||MLA880735596|||drop_off|||me2|||||||||11
604894|||0||||||MLA896548617|||drop_off|||me2|||||||||11
604895|||0||||||MLA910550566|||drop_off|||me2|||||||||11
604896|||0||||||MLA874386049|||drop_off|||me2|||||||||11
604897|||0||||||MLA914436241|||drop_off|||me2|||||||||11
604898|||0||||||MLA877340452|||drop_off|||me2|||||||||11
604899|||0||||||MLA907463117|||drop_off|||me2|||||||||11
604900|||0||||||MLA918824188|||drop_off|||me2|||||||||11
604901|||0||||||MLA929079238|||drop_off|||me2|||||||||11
604902|||0||||||MLA907281574|||drop_off|||me2|||||||||11
604903|||0||||||MLA908918761|||drop_off|||me2|||||||||11
604904|||0||||||MLA922330087|||drop_off|||me2|||||||||11
604905|||0|||true|||MLA920862145|||drop_off|||me2|||||||||11
604906|||0|||true|||MLA921995153|||drop_off|||me2|||||||||11
604907|||0||||||MLA873698742|||drop_off|||me2|||||||||11
604908|||0|||true|||MLA874857602|||drop_off|||me2|||||||||11
604909|||0|||true|||MLA903209093|||drop_off|||me2|||||||||11
604910|||0||||||MLA858221558|||drop_off|||me2|||||||||11
604911|||0||||||MLA873916351|||drop_off|||me2|||||||||11
604912|||0||||||MLA906744275|||drop_off|||me2|||||||||11
604913|||0||||||MLA910599128|||drop_off|||me2|||||||||11
604914|||0|||true|||MLA927287634|||drop_off|||me2|||||||||11
604915|||0|||true|||MLA900678386|||drop_off|||me2|||||||||11
604916|||0||||||MLA904590777|||drop_off|||me2|||||||||11
604917|||0|||true|||MLA882427596|||drop_off|||me2|||||||||11
604918|||0||||||MLA923404491|||drop_off|||me2|||||||||11
604919|||0|||true|||MLA882829646|||drop_off|||me2|||||||||11
604920|||0||||||MLA916830474|||drop_off|||me2|||||||||11
604921|||0||||||MLA918517307|||drop_off|||me2|||||||||11
604922|||0|||true|||MLA904705136|||drop_off|||me2|||||||||11
604923|||0||||||MLA914546907|||drop_off|||me2|||||||||11
604924|||0||||||MLA872778612|||drop_off|||me2|||||||||11
604925|||0|||true|||MLA874115956|||drop_off|||me2|||||||||11
604926|||0|||true|||MLA902951168|||drop_off|||me2|||||||||11
604927|||0|||true|||MLA907542611|||drop_off|||me2|||||||||11
604928|||0||||||MLA920876588|||drop_off|||me2|||||||||11
604929|||0||||||MLA881050747|||drop_off|||me2|||||||||11
604930|||0|||true|||MLA883463835|||drop_off|||me2|||||||||11
604931|||0||||||MLA897543214|||drop_off|||me2|||||||||11
604932|||0||||||MLA916321621|||drop_off|||me2|||||||||11
604933|||0|||true|||MLA916989754|||drop_off|||me2|||||||||11
604934|||0||||||MLA867222276|||drop_off|||me2|||||||||11
604935|||0|||true|||MLA881090663|||drop_off|||me2|||||||||11
604936|||0|||true|||MLA910086639|||drop_off|||me2|||||||||11
604937|||0||||||MLA885959870|||drop_off|||me2|||||||||11
604938|||0|||true|||MLA897965839|||drop_off|||me2|||||||||11
604939|||0|||true|||MLA910422605|||drop_off|||me2|||||||||11
604940|||0||||||MLA924030350|||drop_off|||me2|||||||||11
604941|||0|||true|||MLA924795436|||drop_off|||me2|||||||||11
604942|||0||||||MLA863462820|||drop_off|||me2|||||||||11
604943|||0||||||MLA908469839|||drop_off|||me2|||||||||11
604944|||0|||true|||MLA908707859|||drop_off|||me2|||||||||11
604945|||0|||true|||MLA915831277|||drop_off|||me2|||||||||11
604946|||0||||||MLA918946343|||drop_off|||me2|||||||||11
604947|||0|||true|||MLA921976149|||drop_off|||me2|||||||||11
604948|||0|||true|||MLA924030276|||drop_off|||me2|||||||||11
604949|||0|||true|||MLA924485883|||drop_off|||me2|||||||||11
604950|||0|||true|||MLA927287767|||drop_off|||me2|||||||||11
604951|||0||||||MLA870940949|||drop_off|||me2|||||||||11
604952|||0||||||MLA910405198|||drop_off|||me2|||||||||11
604953|||0||||||MLA911279852|||drop_off|||me2|||||||||11
604954|||0|||true|||MLA912076646|||drop_off|||me2|||||||||11
604955|||0|||true|||MLA918817315|||drop_off|||me2|||||||||11
604956|||0|||true|||MLA921827660|||drop_off|||me2|||||||||11
604957|||0||||||MLA922688299|||drop_off|||me2|||||||||11
604958|||0||||||MLA924429025|||drop_off|||me2|||||||||11
604959|||0|||true|||MLA905819639|||drop_off|||me2|||||||||11
604960|||0||||||MLA914360875|||drop_off|||me2|||||||||11
604961|||0||||||MLA919070967|||drop_off|||me2|||||||||11
604962|||0|||true|||MLA919780814|||drop_off|||me2|||||||||11
604963|||0||||||MLA921973427|||drop_off|||me2|||||||||11
604964|||0|||true|||MLA877868475|||drop_off|||me2|||||||||11
604965|||0||||||MLA904631677|||drop_off|||me2|||||||||11
604966|||0|||true|||MLA905554975|||drop_off|||me2|||||||||11
604967|||0|||true|||MLA906721596|||drop_off|||me2|||||||||11
604968|||0||||||MLA909990154|||drop_off|||me2|||||||||11
604969|||0|||true|||MLA911288155|||drop_off|||me2|||||||||11
604970|||0|||true|||MLA920354450|||drop_off|||me2|||||||||11
604971|||0|||true|||MLA924329707|||drop_off|||me2|||||||||11
604972|||0|||true|||MLA925636278|||drop_off|||me2|||||||||11
604973|||0|||true|||MLA926564756|||drop_off|||me2|||||||||11
604974|||0|||true|||MLA928499453|||drop_off|||me2|||||||||11
604975|||0||||||MLA913286056|||drop_off|||me2|||||||||11
604976|||0||||||MLA875260198|||drop_off|||me2|||||||||11
604977|||0|||true|||MLA877488846|||drop_off|||me2|||||||||11
604978|||0||||||MLA879746845|||drop_off|||me2|||||||||11
604979|||0||||||MLA882613012|||drop_off|||me2|||||||||11
604980|||0|||true|||MLA914900102|||drop_off|||me2|||||||||11
604981|||0|||true|||MLA916097696|||drop_off|||me2|||||||||11
604982|||0|||true|||MLA918780206|||drop_off|||me2|||||||||11
604983|||0||||||MLA919191339|||drop_off|||me2|||||||||11
604984|||0|||true|||MLA920794504|||drop_off|||me2|||||||||11
604985|||0||||||MLA922965160|||drop_off|||me2|||||||||11
604986|||0|||true|||MLA923096842|||drop_off|||me2|||||||||11
604987|||0||||||MLA927168276|||drop_off|||me2|||||||||11
604988|||0|||true|||MLA927258956|||drop_off|||me2|||||||||11
604989|||0|||true|||MLA862642598|||drop_off|||me2|||||||||11
604990|||0||||||MLA868844008|||drop_off|||me2|||||||||11
604991|||0||||||MLA874650274|||drop_off|||me2|||||||||11
604992|||0|||true|||MLA874812917|||drop_off|||me2|||||||||11
604993|||0||||||MLA877340417|||drop_off|||me2|||||||||11
604994|||0|||true|||MLA904337520|||drop_off|||me2|||||||||11
604995|||0||||||MLA904704089|||drop_off|||me2|||||||||11
604996|||0|||true|||MLA907412657|||drop_off|||me2|||||||||11
604997|||0||||||MLA911744316|||drop_off|||me2|||||||||11
604998|||0||||||MLA915124260|||drop_off|||me2|||||||||11
604999|||0||||||MLA916634248|||drop_off|||me2|||||||||11
605000|||0|||true|||MLA916874022|||drop_off|||me2|||||||||11
605001|||0|||true|||MLA919288319|||drop_off|||me2|||||||||11
605002|||0|||true|||MLA928162526|||drop_off|||me2|||||||||11
605003|||0||||||MLA875746849|||drop_off|||me2|||||||||11
605004|||0||||||MLA876230935|||drop_off|||me2|||||||||11
605005|||0||||||MLA899068108|||drop_off|||me2|||||||||11
605006|||0||||||MLA899394456|||drop_off|||me2|||||||||11
605007|||0|||true|||MLA910408484|||drop_off|||me2|||||||||11
605008|||0||||||MLA910868968|||drop_off|||me2|||||||||11
605009|||0|||true|||MLA913064001|||drop_off|||me2|||||||||11
605010|||0||||||MLA917900432|||drop_off|||me2|||||||||11
605011|||0|||true|||MLA918388684|||drop_off|||me2|||||||||11
605012|||0||||||MLA919247482|||drop_off|||me2|||||||||11
605013|||0|||true|||MLA920707057|||drop_off|||me2|||||||||11
605014|||0|||true|||MLA920871085|||drop_off|||me2|||||||||11
605015|||0||||||MLA923699788|||drop_off|||me2|||||||||11
605016|||0||||||MLA924300746|||drop_off|||me2|||||||||11
605017|||0||||||MLA925315923|||drop_off|||me2|||||||||11
605018|||0||||||MLA926477158|||drop_off|||me2|||||||||11
605019|||0|||true|||MLA926533620|||drop_off|||me2|||||||||11
605020|||0||||||MLA927002973|||drop_off|||me2|||||||||11
605021|||0||||||MLA929578800|||drop_off|||me2|||||||||11
605022|||0||||||MLA865745606|||drop_off|||me2|||||||||11
605023|||0|||true|||MLA874409754|||drop_off|||me2|||||||||11
605024|||0||||||MLA885350850|||drop_off|||me2|||||||||11
605025|||0|||true|||MLA907235133|||drop_off|||me2|||||||||11
605026|||0||||||MLA908249052|||drop_off|||me2|||||||||11
605027|||0|||true|||MLA909101799|||drop_off|||me2|||||||||11
605028|||0||||||MLA910974327|||drop_off|||me2|||||||||11
605029|||0||||||MLA911584396|||drop_off|||me2|||||||||11
605030|||0|||true|||MLA912206420|||drop_off|||me2|||||||||11
605031|||0||||||MLA913626007|||drop_off|||me2|||||||||11
605032|||0||||||MLA914214747|||drop_off|||me2|||||||||11
605033|||0||||||MLA915723384|||drop_off|||me2|||||||||11
605034|||0||||||MLA916318053|||drop_off|||me2|||||||||11
605035|||0|||true|||MLA917743316|||drop_off|||me2|||||||||11
605036|||0|||true|||MLA921278508|||drop_off|||me2|||||||||11
605037|||0|||true|||MLA922700905|||drop_off|||me2|||||||||11
605038|||0|||true|||MLA926103293|||drop_off|||me2|||||||||11
605039|||0||||||MLA926698161|||drop_off|||me2|||||||||11
605040|||0|||true|||MLA926705612|||drop_off|||me2|||||||||11
605041|||0|||true|||MLA927015205|||drop_off|||me2|||||||||11
605042|||0||||||MLA927621611|||drop_off|||me2|||||||||11
605043|||0||||||MLA927952862|||drop_off|||me2|||||||||11
605044|||0|||true|||MLA929665941|||drop_off|||me2|||||||||11
605045|||0|||true|||MLA873171989|||drop_off|||me2|||||||||11
605046|||0||||||MLA880525702|||drop_off|||me2|||||||||11
605047|||0||||||MLA881958841|||drop_off|||me2|||||||||11
605048|||0|||true|||MLA883160339|||drop_off|||me2|||||||||11
605049|||0||||||MLA897646678|||drop_off|||me2|||||||||11
605050|||0|||true|||MLA903608500|||drop_off|||me2|||||||||11
605051|||0|||true|||MLA905976515|||drop_off|||me2|||||||||11
605052|||0||||||MLA906317364|||drop_off|||me2|||||||||11
605053|||0||||||MLA908253269|||drop_off|||me2|||||||||11
605054|||0||||||MLA908724157|||drop_off|||me2|||||||||11
605055|||0|||true|||MLA914145238|||drop_off|||me2|||||||||11
605056|||0|||true|||MLA916145873|||drop_off|||me2|||||||||11
605057|||0||||||MLA917418189|||drop_off|||me2|||||||||11
605058|||0||||||MLA919439155|||drop_off|||me2|||||||||11
605059|||0|||true|||MLA922084575|||drop_off|||me2|||||||||11
605060|||0|||true|||MLA922157173|||drop_off|||me2|||||||||11
605061|||0||||||MLA922354604|||drop_off|||me2|||||||||11
605062|||0|||true|||MLA924372705|||drop_off|||me2|||||||||11
605063|||0||||||MLA924428452|||drop_off|||me2|||||||||11
605064|||0|||true|||MLA926529394|||drop_off|||me2|||||||||11
605065|||0|||true|||MLA926639308|||drop_off|||me2|||||||||11
605066|||0||||||MLA926753003|||drop_off|||me2|||||||||11
605067|||0||||||MLA928412084|||drop_off|||me2|||||||||11
605068|||0|||true|||MLA929098568|||drop_off|||me2|||||||||11
605069|||0||||||MLA876161038|||drop_off|||me2|||||||||11
605070|||0|||true|||MLA881736243|||drop_off|||me2|||||||||11
605071|||0||||||MLA885416731|||drop_off|||me2|||||||||11
605072|||0||||||MLA897323672|||drop_off|||me2|||||||||11
605073|||0||||||MLA904516886|||drop_off|||me2|||||||||11
605074|||0||||||MLA906318957|||drop_off|||me2|||||||||11
605075|||0|||true|||MLA907355723|||drop_off|||me2|||||||||11
605076|||0||||||MLA911469377|||drop_off|||me2|||||||||11
605077|||0|||true|||MLA912008022|||drop_off|||me2|||||||||11
605078|||0||||||MLA914849334|||drop_off|||me2|||||||||11
605079|||0|||true|||MLA920398453|||drop_off|||me2|||||||||11
605080|||0||||||MLA922205990|||drop_off|||me2|||||||||11
605081|||0||||||MLA924213247|||drop_off|||me2|||||||||11
605082|||0||||||MLA926145394|||drop_off|||me2|||||||||11
605083|||0||||||MLA926554630|||drop_off|||me2|||||||||11
605084|||0||||||MLA929188139|||drop_off|||me2|||||||||11
605085|||0||||||MLA876941563|||drop_off|||me2|||||||||11
605086|||0|||true|||MLA899225745|||drop_off|||me2|||||||||11
605087|||0|||true|||MLA900075023|||drop_off|||me2|||||||||11
605088|||0|||true|||MLA910757411|||drop_off|||me2|||||||||11
605089|||0|||true|||MLA911640139|||drop_off|||me2|||||||||11
605090|||0|||true|||MLA924203390|||drop_off|||me2|||||||||11
605091|||0||||||MLA925289046|||drop_off|||me2|||||||||11
605092|||0||||||MLA926565127|||drop_off|||me2|||||||||11
605093|||0|||true|||MLA927330734|||drop_off|||me2|||||||||11
605094|||0|||true|||MLA927548262|||drop_off|||me2|||||||||11
605095|||0|||true|||MLA928096716|||drop_off|||me2|||||||||11
605096|||0|||true|||MLA928276195|||drop_off|||me2|||||||||11
605097|||0|||true|||MLA928638648|||drop_off|||me2|||||||||11
605098|||0||||||MLA929179738|||drop_off|||me2|||||||||11
605099|||0|||true|||MLA929189635|||drop_off|||me2|||||||||11
605100|||0||||||MLA929301112|||drop_off|||me2|||||||||11
605101|||0||||||MLA930008502|||drop_off|||me2|||||||||11
605102|||0||||||MLA857843811|||drop_off|||me2|||||||||11
605103|||0|||true|||MLA899888505|||drop_off|||me2|||||||||11
605104|||0|||true|||MLA904889567|||drop_off|||me2|||||||||11
605105|||0|||true|||MLA926847393|||drop_off|||me2|||||||||11
605106|||0|||true|||MLA929112336|||drop_off|||me2|||||||||11
605107|||0||||||MLA929330170|||drop_off|||me2|||||||||11
605108|||0|||true|||MLA929899028|||drop_off|||me2|||||||||11
605109|||0|||true|||MLA930048541|||drop_off|||me2|||||||||11
605110|||0|||true|||MLA923224839|||xd_drop_off|||me2|||||||||11
605111|||0|||true|||MLA923175474|||drop_off|||me2|||||||||11
605112|||0||||||MLA918515990|||drop_off|||me2|||||||||11
605113|||0|||true|||MLA918255689|||drop_off|||me2|||||||||11
605114|||0|||true|||MLA923096509|||xd_drop_off|||me2||||||self_service_in|||11
605115|||0|||true|||MLA911411654|||drop_off|||me2|||||||||11
605116|||0||||||MLA870847346|||drop_off|||me2|||||||||11
605117|||0|||true|||MLA898556207|||drop_off|||me2|||||||||11
605118|||0|||true|||MLA919787772|||drop_off|||me2|||||||||11
605119|||0|||true|||MLA866960942|||drop_off|||me2|||||||||11
605120|||0|||true|||MLA915941291|||xd_drop_off|||me2|||||||||11
605121|||0|||true|||MLA908878383|||xd_drop_off|||me2|||||||||11
605122|||0||||||MLA908995680|||drop_off|||me2|||||||||11
605123|||0||||||MLA920257061|||drop_off|||me2|||||||||11
605124|||0||||||MLA925431198|||drop_off|||me2|||||||||11
605125|||0||||||MLA885492247|||drop_off|||me2|||||||||11
605126|||0||||||MLA881842146|||drop_off|||me2|||||||||11
605127|||0|||true|||MLA911178205|||drop_off|||me2|||||||||11
605128|||0||||||MLA927619334|||xd_drop_off|||me2|||||||||11
605129|||0||||||MLA899765848|||drop_off|||me2|||||||||11
605130|||0||||||MLA910012957|||drop_off|||me2|||||||||11
605131|||0|||true|||MLA914308122|||drop_off|||me2|||||||||11
605132|||0|||true|||MLA884862911|||xd_drop_off|||me2|||||||||11
605133|||0||||||MLA909038837|||xd_drop_off|||me2|||||||||11
605134|||0||||||MLA899620568|||xd_drop_off|||me2|||||||||11
605135|||0|||true|||MLA908275063|||drop_off|||me2|||||||||11
605136|||0||||||MLA919364823|||drop_off|||me2|||||||||11
605137|||0|||true|||MLA901272934|||drop_off|||me2|||||||||11
605138|||0|||true|||MLA929111514|||xd_drop_off|||me2|||||||||11
605139|||0||||||MLA910547494|||drop_off|||me2|||||||||11
605140|||0|||true|||MLA922301338|||drop_off|||me2|||||||||11
605141|||0|||true|||MLA835811315|||drop_off|||me2|||||||||11
605142|||0|||true|||MLA927593383|||xd_drop_off|||me2|||||||||11
605143|||0|||true|||MLA912963369|||drop_off|||me2|||||||||11
605144|||0|||true|||MLA907144645|||drop_off|||me2|||||||||11
605145|||0||||||MLA900083762|||xd_drop_off|||me2|||||||||11
605146|||0||||||MLA912078799|||drop_off|||me2|||||||||11
605147|||0|||true|||MLA909300444|||drop_off|||me2|||||||||11
605148|||0|||true|||MLA912515520|||xd_drop_off|||me2|||||||||11
605149|||0||||||MLA901462793|||drop_off|||me2|||||||||11
605150|||0||||||MLA907953285|||drop_off|||me2|||||||||11
605151|||0|||true|||MLA911030254|||drop_off|||me2|||||||||11
605152|||0|||true|||MLA911301613|||drop_off|||me2|||||||||11
605153|||0||||||MLA913245019|||drop_off|||me2|||||||||11
605154|||0|||true|||MLA920724275|||xd_drop_off|||me2|||||||||11
605155|||0||||||MLA925915107|||xd_drop_off|||me2|||||||||11
605156|||0|||true|||MLA878971538|||drop_off|||me2|||||||||11
605157|||0|||true|||MLA881197469|||drop_off|||me2|||||||||11
605158|||0||||||MLA885047799|||drop_off|||me2|||||||||11
605159|||0||||||MLA899933651|||drop_off|||me2|||||||||11
605160|||0||||||MLA917139291|||drop_off|||me2|||||||||11
605161|||0|||true|||MLA920956154|||drop_off|||me2|||||||||11
605162|||0||||||MLA913830567|||not_specified|||not_specified|||||||||11
605163|||0||||||MLA917857943|||drop_off|||me2|||||||||11
605164|||0||||||MLA854856522|||drop_off|||me2|||||||||11
605165|||0||||||MLA915486695|||drop_off|||me2|||||||||11
605166|||0||||||MLA871512324|||drop_off|||me2|||||||||11
605167|||0||||||MLA872431270|||xd_drop_off|||me2|||||||||11
605168|||0||||||MLA877747400|||drop_off|||me2|||||||||11
605169|||0||||||MLA863726211|||drop_off|||me2|||||||||11
605170|||0||||||MLA879200239|||drop_off|||me2|||||||||11
605171|||0|||true|||MLA910877295|||drop_off|||me2|||||||||11
605172|||0||||||MLA871297709|||drop_off|||me2|||||||||11
605173|||0|||true|||MLA915020957|||drop_off|||me2|||||||||11
605174|||0|||true|||MLA901201256|||drop_off|||me2|||||||||11
605175|||0|||true|||MLA929519640|||drop_off|||me2|||||||||11
605176|||0||||||MLA877500917|||drop_off|||me2|||||||||11
605177|||0|||true|||MLA883570429|||drop_off|||me2|||||||||11
605178|||0|||true|||MLA919737939|||drop_off|||me2|||||||||11
605179|||0|||true|||MLA916788998|||drop_off|||me2|||||||||11
605180|||0||||||MLA870784910|||drop_off|||me2|||||||||11
605181|||0|||true|||MLA877321587|||drop_off|||me2|||||||||11
605182|||0|||true|||MLA886515700|||drop_off|||me2|||||||||11
605183|||0|||true|||MLA899643677|||drop_off|||me2|||||||||11
605184|||0|||true|||MLA885639690|||drop_off|||me2|||||||||11
605185|||0||||||MLA869077644|||drop_off|||me2|||||||||11
605186|||0|||true|||MLA904088318|||drop_off|||me2|||||||||11
605187|||0||||||MLA877904875|||drop_off|||me2|||||||||11
605188|||0||||||MLA865554692|||xd_drop_off|||me2|||||||||11
605189|||0||||||MLA861064904|||drop_off|||me2|||||||||11
605190|||0|||true|||MLA865336200|||drop_off|||me2|||||||||11
605191|||0||||||MLA872430619|||xd_drop_off|||me2|||||||||11
605192|||0||||||MLA870682592|||drop_off|||me2|||||||||11
605193|||0|||true|||MLA913769001|||drop_off|||me2|||||||||11
605194|||0|||true|||MLA920988566|||drop_off|||me2|||||||||11
605195|||0||||||MLA913153784|||drop_off|||me2|||||||||11
605196|||0||||||MLA912403704|||drop_off|||me2|||||||||11
605197|||0|||true|||MLA929174370|||drop_off|||me2|||||||||11
605198|||0|||true|||MLA929180077|||drop_off|||me2|||||||||11
605199|||0||||||MLA874481166|||drop_off|||me2|||||||||11
605200|||0||||||MLA872949647|||drop_off|||me2|||||||||11
605201|||0||||||MLA875159146|||xd_drop_off|||me2|||||||||11
605202|||0||||||MLA881201933|||xd_drop_off|||me2|||||||||11
605203|||0||||||MLA916452656|||drop_off|||me2|||||||||11
605204|||0|||true|||MLA920925496|||drop_off|||me2|||||||||11
605205|||0|||true|||MLA912120533|||drop_off|||me2|||||||||11
605206|||0|||true|||MLA868793050|||drop_off|||me2|||||||||11
605207|||0|||true|||MLA927752534|||xd_drop_off|||me2|||||||||11
605208|||0||||||MLA852977609|||drop_off|||me2|||||||||11
605209|||0||||||MLA874960743|||xd_drop_off|||me2|||||||||11
605210|||0|||true|||MLA909407600|||drop_off|||me2|||||||||11
605211|||0||||||MLA924823753|||xd_drop_off|||me2|||||||||11
605212|||0|||true|||MLA907033184|||drop_off|||me2|||||||||11
605213|||0||||||MLA912397554|||xd_drop_off|||me2|||||||||11
605214|||0||||||MLA879767690|||drop_off|||me2|||||||||11
605215|||0||||||MLA879631568|||drop_off|||me2|||||||||11
605216|||0||||||MLA919806164|||drop_off|||me2|||||||||11
605217|||0||||||MLA897812845|||drop_off|||me2|||||||||11
605218|||0|||true|||MLA919846392|||drop_off|||me2|||||||||11
605219|||0||||||MLA863332352|||drop_off|||me2|||||||||11
605220|||0||||||MLA926467513|||xd_drop_off|||me2|||||||||11
605221|||0|||true|||MLA925841528|||drop_off|||me2|||||||||11
605222|||0|||true|||MLA882792598|||drop_off|||me2|||||||||11
605223|||0||||||MLA885429208|||drop_off|||me2|||||||||11
605224|||0|||true|||MLA920756305|||drop_off|||me2|||||||||11
605225|||0||||||MLA899030222|||xd_drop_off|||me2|||||||||11
605226|||0|||true|||MLA927599956|||drop_off|||me2|||||||||11
605227|||0|||true|||MLA901221041|||drop_off|||me2|||||||||11
605228|||0||||||MLA880316517|||xd_drop_off|||me2||||||self_service_out|||11
605229|||0||||||MLA877192851|||xd_drop_off|||me2|||||||||11
605230|||0||||||MLA906548561|||drop_off|||me2|||||||||11
605231|||0|||true|||MLA929301981|||xd_drop_off|||me2|||||||||11
605232|||0||||||MLA906093210|||drop_off|||me2|||||||||11
605233|||0||||||MLA919762189|||xd_drop_off|||me2|||||||||11
605234|||0||||||MLA917572404|||drop_off|||me2|||||||||11
605235|||0||||||MLA917259257|||drop_off|||me2|||||||||11
605236|||0||||||MLA899872236|||drop_off|||me2|||||||||11
605237|||0|||true|||MLA922674066|||drop_off|||me2|||||||||11
605238|||0||||||MLA910348532|||drop_off|||me2|||||||||11
605239|||0||||||MLA916662982|||drop_off|||me2|||||||||11
605240|||0||||||MLA910127834|||drop_off|||me2|||||||||11
605241|||0||||||MLA918577500|||drop_off|||me2|||||||||11
605242|||0||||||MLA918023879|||drop_off|||me2|||||||||11
605243|||0|||true|||MLA909303943|||drop_off|||me2|||||||||11
605244|||0||||||MLA910009414|||drop_off|||me2|||||||||11
605245|||0||||||MLA913744841|||xd_drop_off|||me2|||||||||11
605246|||0||||||MLA899295721|||drop_off|||me2|||||||||11
605247|||0|||true|||MLA900261104|||drop_off|||me2|||||||||11
605248|||0|||true|||MLA929647436|||drop_off|||me2|||||||||11
605249|||0||||||MLA907827404|||drop_off|||me2|||||||||11
605250|||0|||true|||MLA904615290|||drop_off|||me2|||||||||11
605251|||0||||||MLA898135279|||xd_drop_off|||me2|||||||||11
605252|||0|||true|||MLA877972558|||drop_off|||me2|||||||||11
605253|||0||||||MLA901371215|||drop_off|||me2|||||||||11
605254|||0|||true|||MLA879200697|||drop_off|||me2|||||||||11
605255|||0|||true|||MLA867307417|||drop_off|||me2|||||||||11
605256|||0|||true|||MLA922327802|||drop_off|||me2|||||||||11
605257|||0||||||MLA908614834|||drop_off|||me2|||||||||11
605258|||0|||true|||MLA882917993|||drop_off|||me2|||||||||11
605259|||0||||||MLA862385070|||drop_off|||me2|||||||||11
605260|||0|||true|||MLA884347977|||drop_off|||me2|||||||||11
605261|||0||||||MLA917836411|||drop_off|||me2|||||||||11
605262|||0|||true|||MLA896963011|||drop_off|||me2|||||||||11
605263|||0||||||MLA909231428|||drop_off|||me2|||||||||11
605264|||0|||true|||MLA917321077|||drop_off|||me2|||||||||11
605265|||0||||||MLA910442611|||xd_drop_off|||me2|||||||||11
605266|||0||||||MLA872834814|||xd_drop_off|||me2|||||||||11
605267|||0|||true|||MLA919804586|||drop_off|||me2|||||||||11
605268|||0|||true|||MLA915659520|||drop_off|||me2|||||||||11
605269|||0||||||MLA870835523|||drop_off|||me2|||||||||11
605270|||0||||||MLA914742299|||drop_off|||me2|||||||||11
605271|||0|||true|||MLA915794270|||drop_off|||me2|||||||||11
605272|||0|||true|||MLA923224585|||drop_off|||me2|||||||||11
605273|||0|||true|||MLA910609621|||drop_off|||me2|||||||||11
605274|||0||||||MLA924413118|||drop_off|||me2|||||||||11
605275|||0||||||MLA870859871|||drop_off|||me2|||||||||11
605276|||0|||true|||MLA909895154|||drop_off|||me2|||||||||11
605277|||0||||||MLA871888829|||drop_off|||me2|||||||||11
605278|||0||||||MLA902590658|||drop_off|||me2|||||||||11
605279|||0|||true|||MLA882290164|||drop_off|||me2|||||||||11
605280|||0||||||MLA925782464|||xd_drop_off|||me2|||||||||11
605281|||0|||true|||MLA852998340|||drop_off|||me2|||||||||11
605282|||0|||true|||MLA925623467|||xd_drop_off|||me2|||||||||11
605283|||0||||||MLA926012826|||xd_drop_off|||me2|||||||||11
605284|||0||||||MLA927292707|||xd_drop_off|||me2|||||||||11
605285|||0||||||MLA929407173|||xd_drop_off|||me2|||||||||11
605286|||0||||||MLA927635201|||drop_off|||me2|||||||||11
605287|||0||||||MLA922336751|||drop_off|||me2|||||||||11
605288|||0||||||MLA929014649|||xd_drop_off|||me2|||||||||11
605289|||0||||||MLA929385322|||xd_drop_off|||me2|||||||||11
605290|||0||||||MLA922227254|||drop_off|||me2|||||||||11
605291|||0||||||MLA924995817|||drop_off|||me2|||||||||11
605292|||0||||||MLA925401109|||drop_off|||me2|||||||||11
605293|||0|||true|||MLA928886570|||drop_off|||me2|||||||||11
605294|||0||||||MLA927682009|||xd_drop_off|||me2|||||||||11
605295|||0||||||MLA925086820|||drop_off|||me2|||||||||11
605296|||0|||true|||MLA928124491|||drop_off|||me2|||||||||11
605297|||0||||||MLA927226745|||drop_off|||me2|||||||||11
605298|||0||||||MLA928949019|||drop_off|||me2|||||||||11
605299|||0||||||MLA923050750|||xd_drop_off|||me2|||||||||11
605300|||0||||||MLA928353603|||xd_drop_off|||me2|||||||||11
605301|||0||||||MLA925630048|||drop_off|||me2|||||||||11
605302|||0|||true|||MLA928437546|||xd_drop_off|||me2|||||||||11
605303|||0||||||MLA925218931|||drop_off|||me2|||||||||11
605304|||0||||||MLA929004230|||drop_off|||me2|||||||||11
605305|||0||||||MLA922487460|||drop_off|||me2|||||||||11
605306|||0||||||MLA929572540|||drop_off|||me2|||||||||11
605307|||0||||||MLA926989473|||drop_off|||me2|||||||||11
605308|||0||||||MLA926228887|||drop_off|||me2|||||||||11
605309|||0|||true|||MLA925675370|||drop_off|||me2|||||||||11
605310|||0||||||MLA929693640|||drop_off|||me2|||||||||11
605311|||0|||true|||MLA926701422|||drop_off|||me2|||||||||11
605312|||0|||true|||MLA927657795|||xd_drop_off|||me2|||||||||11
605313|||0||||||MLA929197935|||xd_drop_off|||me2|||||||||11
605314|||0||||||MLA924229000|||drop_off|||me2|||||||||11
605315|||0||||||MLA923913010|||drop_off|||me2|||||||||11
605316|||0|||true|||MLA929636916|||xd_drop_off|||me2|||||||||11
605317|||0|||true|||MLA927946514|||drop_off|||me2|||||||||11
605318|||0|||true|||MLA926886671|||drop_off|||me2|||||||||11
605319|||0||||||MLA925140772|||drop_off|||me2|||||||||11
605320|||0|||true|||MLA927633598|||drop_off|||me2|||||||||11
605321|||0|||true|||MLA927470242|||drop_off|||me2|||||||||11
605322|||0||||||MLA929485056|||drop_off|||me2|||||||||11
605323|||0|||true|||MLA922336232|||drop_off|||me2|||||||||11
605324|||0||||||MLA925991374|||drop_off|||me2|||||||||11
605325|||0||||||MLA927311122|||drop_off|||me2|||||||||11
605326|||0|||true|||MLA927195473|||drop_off|||me2|||||||||11
605327|||0|||true|||MLA925535038|||drop_off|||me2|||||||||11
605328|||0|||true|||MLA928437498|||drop_off|||me2|||||||||11
605329|||0|||true|||MLA929999864|||drop_off|||me2|||||||||11
605330|||0|||true|||MLA926711855|||drop_off|||me2|||||||||11
605331|||0|||true|||MLA927286264|||drop_off|||me2|||||||||11
605332|||0||||||MLA928296811|||drop_off|||me2|||||||||11
605333|||0|||true|||MLA928588607|||drop_off|||me2|||||||||11
605334|||0|||true|||MLA924204195|||drop_off|||me2|||||||||11
605335|||0||||||MLA927258978|||drop_off|||me2|||||||||11
605336|||0||||||MLA921888993|||drop_off|||me2|||||||||11
605337|||0|||true|||MLA928253815|||drop_off|||me2|||||||||11
605338|||0|||true|||MLA927465339|||drop_off|||me2|||||||||11
605339|||0|||true|||MLA921965841|||drop_off|||me2|||||||||11
605340|||0||||||MLA923010104|||drop_off|||me2|||||||||11
605341|||0||||||MLA927305766|||drop_off|||me2|||||||||11
605342|||0||||||MLA922326568|||drop_off|||me2|||||||||11
605343|||0||||||MLA924755901|||drop_off|||me2|||||||||11
605344|||0||||||MLA927102695|||drop_off|||me2|||||||||11
605345|||0||||||MLA927175757|||drop_off|||me2|||||||||11
605346|||0||||||MLA926643943|||xd_drop_off|||me2|||||||||11
605347|||0||||||MLA926605763|||drop_off|||me2|||||||||11
605348|||0|||true|||MLA926417675|||drop_off|||me2|||||||||11
605349|||0||||||MLA923362910|||xd_drop_off|||me2|||||||||11
605350|||0||||||MLA928350452|||drop_off|||me2|||||||||11
605351|||0||||||MLA924024813|||drop_off|||me2|||||||||11
605352|||0||||||MLA928491935|||xd_drop_off|||me2|||||||||11
605353|||0||||||MLA928536974|||drop_off|||me2|||||||||11
605354|||0||||||MLA926944221|||drop_off|||me2|||||||||11
605355|||0||||||MLA580023095|||drop_off|||me2|||||||||11
605356|||0||||||MLA926567777|||drop_off|||me2|||||||||11
605357|||0|||true|||MLA922970840|||drop_off|||me2|||||||||11
605358|||0||||||MLA925750511|||drop_off|||me2|||||||||11
605359|||0||||||MLA927288057|||xd_drop_off|||me2|||||||||11
605360|||0||||||MLA927590132|||drop_off|||me2|||||||||11
605361|||0||||||MLA928979482|||drop_off|||me2|||||||||11
605362|||0|||true|||MLA923328099|||drop_off|||me2|||||||||11
605363|||0||||||MLA929910118|||drop_off|||me2|||||||||11
605364|||0||||||MLA927213039|||drop_off|||me2|||||||||11
605365|||0||||||MLA926021821|||drop_off|||me2|||||||||11
605366|||0||||||MLA925029781|||xd_drop_off|||me2|||||||||11
605367|||0|||true|||MLA927605684|||xd_drop_off|||me2|||||||||11
605368|||0||||||MLA927242812|||xd_drop_off|||me2|||||||||11
605369|||0||||||MLA924639361|||drop_off|||me2|||||||||11
605370|||0||||||MLA924635186|||drop_off|||me2|||||||||11
605371|||0|||true|||MLA922268173|||drop_off|||me2|||||||||11
605372|||0|||true|||MLA922520158|||drop_off|||me2|||||||||11
605373|||0||||||MLA923638897|||drop_off|||me2|||||||||11
605374|||0||||||MLA930073098|||drop_off|||me2|||||||||11
605375|||0||||||MLA928855849|||drop_off|||me2|||||||||11
605376|||0||||||MLA929014268|||drop_off|||me2|||||||||11
605377|||0|||true|||MLA924241792|||drop_off|||me2|||||||||11
605378|||0||||||MLA929520542|||xd_drop_off|||me2|||||||||11
605379|||0|||true|||MLA921936658|||xd_drop_off|||me2|||||||||11
605380|||0|||true|||MLA928296087|||drop_off|||me2|||||||||11
605381|||0||||||MLA927501903|||drop_off|||me2|||||||||11
605382|||0|||true|||MLA929994704|||drop_off|||me2|||||||||11
605383|||0|||true|||MLA927705373|||drop_off|||me2|||||||||11
605384|||0|||true|||MLA927792524|||drop_off|||me2|||||||||11
605385|||0|||true|||MLA1100029351|||xd_drop_off|||me2|||||||||11
605386|||0||||||MLA928959233|||drop_off|||me2|||||||||11
605387|||0||||||MLA928276108|||drop_off|||me2|||||||||11
605388|||0||||||MLA926522403|||drop_off|||me2|||||||||11
605389|||0|||true|||MLA922138084|||drop_off|||me2|||||||||11
605390|||0|||true|||MLA924855308|||drop_off|||me2|||||||||11
605391|||0||||||MLA922485699|||drop_off|||me2|||||||||11
605392|||0||||||MLA927619086|||drop_off|||me2|||||||||11
605393|||0||||||MLA929013094|||drop_off|||me2|||||||||11
605394|||0|||true|||MLA929590975|||drop_off|||me2|||||||||11
605395|||0||||||MLA924728035|||xd_drop_off|||me2|||||||||11
605396|||0||||||MLA924477231|||drop_off|||me2|||||||||11
605397|||0||||||MLA926847239|||drop_off|||me2|||||||||11
605398|||0||||||MLA927031123|||drop_off|||me2|||||||||11
605399|||0|||true|||MLA922124373|||drop_off|||me2|||||||||11
605400|||0||||||MLA924183625|||drop_off|||me2|||||||||11
605401|||0||||||MLA925599994|||drop_off|||me2|||||||||11
605402|||0||||||MLA924186007|||drop_off|||me2|||||||||11
605403|||0||||||MLA925749233|||drop_off|||me2|||||||||11
605404|||0|||true|||MLA927096965|||drop_off|||me2|||||||||11
605405|||0||||||MLA929985103|||drop_off|||me2|||||||||11
605406|||0|||true|||MLA922336871|||drop_off|||me2|||||||||11
605407|||0||||||MLA922343524|||drop_off|||me2|||||||||11
605408|||0||||||MLA924540030|||drop_off|||me2|||||||||11
605409|||0||||||MLA924860967|||drop_off|||me2|||||||||11
605410|||0||||||MLA925527075|||drop_off|||me2|||||||||11
605411|||0||||||MLA929875788|||drop_off|||me2|||||||||11
605412|||0||||||MLA922453800|||drop_off|||me2|||||||||11
605413|||0||||||MLA922991157|||xd_drop_off|||me2|||||||||11
605414|||0|||true|||MLA925762600|||drop_off|||me2|||||||||11
605415|||0||||||MLA926035513|||drop_off|||me2|||||||||11
605416|||0|||true|||MLA926849646|||drop_off|||me2|||||||||11
605417|||0||||||MLA927173894|||drop_off|||me2|||||||||11
605418|||0|||true|||MLA927215055|||drop_off|||me2|||||||||11
605419|||0||||||MLA929295460|||drop_off|||me2|||||||||11
605420|||0||||||MLA929569358|||drop_off|||me2|||||||||11
605421|||0|||true|||MLA921998244|||drop_off|||me2|||||||||11
605422|||0||||||MLA924387479|||drop_off|||me2|||||||||11
605423|||0||||||MLA927102344|||drop_off|||me2|||||||||11
605424|||0||||||MLA927258189|||drop_off|||me2|||||||||11
605425|||0|||true|||MLA928035186|||drop_off|||me2|||||||||11
605426|||0||||||MLA929495475|||drop_off|||me2|||||||||11
605427|||0||||||MLA929905791|||drop_off|||me2|||||||||11
605428|||0||||||MLA924033129|||drop_off|||me2|||||||||11
605429|||0|||true|||MLA924542480|||drop_off|||me2|||||||||11
605430|||0||||||MLA925390419|||drop_off|||me2|||||||||11
605431|||0|||true|||MLA928980353|||drop_off|||me2|||||||||11
605432|||0||||||MLA928472860|||drop_off|||me2|||||||||11
605433|||0|||true|||MLA929528611|||drop_off|||me2|||||||||11
605434|||0||||||MLA1100003199|||drop_off|||me2|||||||||11
605435|||0||||||MLA921952603|||drop_off|||me2|||||||||11
605436|||0|||true|||MLA925396755|||xd_drop_off|||me2|||||||||11
605437|||0||||||MLA928915615|||drop_off|||me2|||||||||11
605438|||0||||||MLA927421389|||drop_off|||me2|||||||||11
605439|||0|||true|||MLA924789109|||drop_off|||me2|||||||||11
605440|||0||||||MLA928242186|||drop_off|||me2|||||||||11
605441|||0||||||MLA922366694|||drop_off|||me2|||||||||11
605442|||0||||||MLA923977228|||drop_off|||me2|||||||||11
605443|||0|||true|||MLA922177922|||drop_off|||me2|||||||||11
605444|||0|||true|||MLA925919186|||drop_off|||me2|||||||||11
605445|||0||||||MLA929710957|||drop_off|||me2|||||||||11
605446|||0||||||MLA929393994|||drop_off|||me2|||||||||11
605447|||0|||true|||MLA925648213|||drop_off|||me2|||||||||11
605448|||0|||true|||MLA929602915|||drop_off|||me2|||||||||11
605449|||0||||||MLA925395892|||drop_off|||me2|||||||||11
605450|||0||||||MLA922027169|||drop_off|||me2|||||||||11
605451|||0||||||MLA925523051|||drop_off|||me2|||||||||11
605452|||0|||true|||MLA925586256|||drop_off|||me2|||||||||11
605453|||0|||true|||MLA925750482|||drop_off|||me2|||||||||11
605454|||0|||true|||MLA926265854|||xd_drop_off|||me2|||||||||11
605455|||0|||true|||MLA929955903|||drop_off|||me2|||||||||11
605456|||0|||true|||MLA928280880|||drop_off|||me2|||||||||11
605457|||0|||true|||MLA926452409|||drop_off|||me2|||||||||11
605458|||0||||||MLA924239954|||drop_off|||me2|||||||||11
605459|||0|||true|||MLA928871391|||drop_off|||me2|||||||||11
605460|||0|||true|||MLA925744825|||drop_off|||me2|||||||||11
605461|||0|||true|||MLA922942852|||drop_off|||me2|||||||||11
605462|||0|||true|||MLA927263229|||drop_off|||me2|||||||||11
605463|||0||||||MLA925590564|||xd_drop_off|||me2|||||||||11
605464|||0||||||MLA926480022|||drop_off|||me2|||||||||11
605465|||0||||||MLA926802188|||drop_off|||me2|||||||||11
605466|||0||||||MLA925399936|||drop_off|||me2|||||||||11
605467|||0||||||MLA921974343|||drop_off|||me2|||||||||11
605468|||0||||||MLA929911922|||drop_off|||me2|||||||||11
605469|||0|||true|||MLA923670886|||drop_off|||me2|||||||||11
605470|||0||||||MLA929443327|||drop_off|||me2|||||||||11
605471|||0||||||MLA924323785|||drop_off|||me2|||||||||11
605472|||0||||||MLA925837835|||drop_off|||me2|||||||||11
605473|||0||||||MLA929508178|||drop_off|||me2|||||||||11
605474|||0||||||MLA926604742|||drop_off|||me2|||||||||11
605475|||0|||true|||MLA927498299|||drop_off|||me2|||||||||11
605476|||0||||||MLA922287073|||drop_off|||me2|||||||||11
605477|||0||||||MLA922320032|||drop_off|||me2|||||||||11
605478|||0||||||MLA923557454|||drop_off|||me2|||||||||11
605479|||0||||||MLA924034534|||drop_off|||me2|||||||||11
605480|||0||||||MLA928542015|||drop_off|||me2|||||||||11
605481|||0||||||MLA928856353|||drop_off|||me2|||||||||11
605482|||0|||true|||MLA922499072|||drop_off|||me2|||||||||11
605483|||0|||true|||MLA922539003|||drop_off|||me2|||||||||11
605484|||0|||true|||MLA924161796|||drop_off|||me2|||||||||11
605485|||0||||||MLA927237958|||drop_off|||me2|||||||||11
605486|||0||||||MLA929027974|||drop_off|||me2|||||||||11
605487|||0||||||MLA921920418|||drop_off|||me2|||||||||11
605488|||0|||true|||MLA922865762|||drop_off|||me2|||||||||11
605489|||0||||||MLA924007856|||drop_off|||me2|||||||||11
605490|||0||||||MLA927027237|||drop_off|||me2|||||||||11
605491|||0|||true|||MLA928040540|||drop_off|||me2|||||||||11
605492|||0||||||MLA928373140|||drop_off|||me2|||||||||11
605493|||0||||||MLA924034287|||drop_off|||me2|||||||||11
605494|||0||||||MLA924326304|||drop_off|||me2|||||||||11
605495|||0||||||MLA924338506|||drop_off|||me2|||||||||11
605496|||0|||true|||MLA926477500|||drop_off|||me2|||||||||11
605497|||0|||true|||MLA927407066|||drop_off|||me2|||||||||11
605498|||0|||true|||MLA923084557|||drop_off|||me2|||||||||11
605499|||0|||true|||MLA926454261|||drop_off|||me2|||||||||11
605500|||0|||true|||MLA927166089|||drop_off|||me2|||||||||11
605501|||0|||true|||MLA927191131|||xd_drop_off|||me2|||||||||11
605502|||0||||||MLA929007612|||drop_off|||me2|||||||||11
605503|||0||||||MLA923593967|||drop_off|||me2|||||||||11
605504|||0|||true|||MLA923616163|||drop_off|||me2|||||||||11
605505|||0||||||MLA923807689|||drop_off|||me2|||||||||11
605506|||0||||||MLA924600119|||xd_drop_off|||me2|||||||||11
605507|||0||||||MLA927317198|||xd_drop_off|||me2|||||||||11
605508|||0||||||MLA928441918|||drop_off|||me2|||||||||11
605509|||0|||true|||MLA929936174|||drop_off|||me2|||||||||11
605510|||0||||||MLA922054180|||drop_off|||me2|||||||||11
605511|||0|||true|||MLA926177631|||drop_off|||me2|||||||||11
605512|||0|||true|||MLA927321672|||drop_off|||me2|||||||||11
605513|||0||||||MLA927553879|||drop_off|||me2|||||||||11
605514|||0||||||MLA927646067|||drop_off|||me2|||||||||11
605515|||0|||true|||MLA928358529|||drop_off|||me2|||||||||11
605516|||0||||||MLA922505833|||drop_off|||me2|||||||||11
605517|||0||||||MLA922632284|||drop_off|||me2|||||||||11
605518|||0||||||MLA922817202|||drop_off|||me2|||||||||11
605519|||0|||true|||MLA922836750|||drop_off|||me2|||||||||11
605520|||0||||||MLA923685895|||drop_off|||me2|||||||||11
605521|||0||||||MLA924060086|||drop_off|||me2|||||||||11
605522|||0||||||MLA925021632|||drop_off|||me2|||||||||11
605523|||0|||true|||MLA925131875|||drop_off|||me2|||||||||11
605524|||0|||true|||MLA925425704|||drop_off|||me2|||||||||11
605525|||0|||true|||MLA926479500|||drop_off|||me2|||||||||11
605526|||0|||true|||MLA927535854|||drop_off|||me2|||||||||11
605527|||0||||||MLA928631511|||drop_off|||me2|||||||||11
605528|||0|||true|||MLA928667988|||drop_off|||me2|||||||||11
605529|||0||||||MLA929331924|||drop_off|||me2|||||||||11
605530|||0||||||MLA929981404|||drop_off|||me2|||||||||11
605531|||0||||||MLA922029543|||drop_off|||me2|||||||||11
605532|||0||||||MLA922795648|||drop_off|||me2|||||||||11
605533|||0||||||MLA922913279|||drop_off|||me2|||||||||11
605534|||0|||true|||MLA923383023|||drop_off|||me2|||||||||11
605535|||0||||||MLA923993274|||drop_off|||me2|||||||||11
605536|||0|||true|||MLA926035270|||drop_off|||me2|||||||||11
605537|||0||||||MLA926571777|||drop_off|||me2|||||||||11
605538|||0|||true|||MLA926704880|||drop_off|||me2|||||||||11
605539|||0||||||MLA926711602|||drop_off|||me2|||||||||11
605540|||0||||||MLA927242204|||drop_off|||me2|||||||||11
605541|||0||||||MLA927507110|||drop_off|||me2|||||||||11
605542|||0||||||MLA927613874|||drop_off|||me2|||||||||11
605543|||0||||||MLA928882492|||drop_off|||me2|||||||||11
605544|||0||||||MLA928987623|||drop_off|||me2|||||||||11
605545|||0||||||MLA929211299|||drop_off|||me2|||||||||11
605546|||0||||||MLA929996763|||drop_off|||me2|||||||||11
605547|||0||||||MLA921806533|||drop_off|||me2|||||||||11
605548|||0|||true|||MLA922146198|||drop_off|||me2|||||||||11
605549|||0|||true|||MLA922257110|||drop_off|||me2|||||||||11
605550|||0|||true|||MLA922261443|||drop_off|||me2|||||||||11
605551|||0|||true|||MLA922663738|||drop_off|||me2|||||||||11
605552|||0|||true|||MLA922746336|||drop_off|||me2|||||||||11
605553|||0|||true|||MLA922791224|||drop_off|||me2|||||||||11
605554|||0|||true|||MLA922810687|||drop_off|||me2|||||||||11
605555|||0|||true|||MLA923644375|||drop_off|||me2|||||||||11
605556|||0||||||MLA923891879|||drop_off|||me2|||||||||11
605557|||0||||||MLA923975184|||drop_off|||me2|||||||||11
605558|||0||||||MLA924049461|||drop_off|||me2|||||||||11
605559|||0||||||MLA924597571|||drop_off|||me2|||||||||11
605560|||0|||true|||MLA924865745|||drop_off|||me2|||||||||11
605561|||0||||||MLA925371698|||drop_off|||me2|||||||||11
605562|||0||||||MLA925770594|||drop_off|||me2|||||||||11
605563|||0|||true|||MLA926015191|||drop_off|||me2|||||||||11
605564|||0|||true|||MLA926430393|||drop_off|||me2|||||||||11
605565|||0|||true|||MLA926482019|||drop_off|||me2|||||||||11
605566|||0|||true|||MLA926663009|||drop_off|||me2|||||||||11
605567|||0||||||MLA927321733|||drop_off|||me2|||||||||11
605568|||0||||||MLA927406076|||drop_off|||me2|||||||||11
605569|||0|||true|||MLA927502738|||drop_off|||me2|||||||||11
605570|||0||||||MLA927541658|||drop_off|||me2|||||||||11
605571|||0||||||MLA928118503|||drop_off|||me2|||||||||11
605572|||0||||||MLA928444529|||drop_off|||me2|||||||||11
605573|||0|||true|||MLA928744731|||drop_off|||me2|||||||||11
605574|||0||||||MLA928832243|||drop_off|||me2|||||||||11
605575|||0||||||MLA928864278|||drop_off|||me2|||||||||11
605576|||0|||true|||MLA929499117|||drop_off|||me2|||||||||11
605577|||0||||||MLA921839049|||drop_off|||me2|||||||||11
605578|||0|||true|||MLA921977127|||drop_off|||me2|||||||||11
605579|||0||||||MLA922022506|||drop_off|||me2|||||||||11
605580|||0|||true|||MLA922410720|||drop_off|||me2|||||||||11
605581|||0|||true|||MLA922920102|||drop_off|||me2|||||||||11
605582|||0|||true|||MLA923083756|||drop_off|||me2|||||||||11
605583|||0|||true|||MLA923369653|||drop_off|||me2|||||||||11
605584|||0||||||MLA923678103|||drop_off|||me2|||||||||11
605585|||0||||||MLA923840372|||drop_off|||me2|||||||||11
605586|||0||||||MLA924117185|||drop_off|||me2|||||||||11
605587|||0||||||MLA924860193|||drop_off|||me2|||||||||11
605588|||0|||true|||MLA925256335|||drop_off|||me2|||||||||11
605589|||0|||true|||MLA925421179|||drop_off|||me2|||||||||11
605590|||0||||||MLA925868078|||drop_off|||me2|||||||||11
605591|||0||||||MLA925986018|||drop_off|||me2|||||||||11
605592|||0||||||MLA925986923|||drop_off|||me2|||||||||11
605593|||0||||||MLA926130807|||drop_off|||me2|||||||||11
605594|||0||||||MLA926862555|||drop_off|||me2|||||||||11
605595|||0||||||MLA926864734|||drop_off|||me2|||||||||11
605596|||0|||true|||MLA927238312|||drop_off|||me2|||||||||11
605597|||0|||true|||MLA927250058|||drop_off|||me2|||||||||11
605598|||0|||true|||MLA927321683|||drop_off|||me2|||||||||11
605599|||0|||true|||MLA927586165|||drop_off|||me2|||||||||11
605600|||0|||true|||MLA927619907|||drop_off|||me2|||||||||11
605601|||0||||||MLA928248227|||drop_off|||me2|||||||||11
605602|||0||||||MLA928250468|||xd_drop_off|||me2|||||||||11
605603|||0||||||MLA928940803|||drop_off|||me2|||||||||11
605604|||0|||true|||MLA910126767|||drop_off|||me2|||||||||11
605605|||0||||||MLA921826308|||drop_off|||me2|||||||||11
605606|||0|||true|||MLA921991339|||drop_off|||me2|||||||||11
605607|||0||||||MLA922099445|||xd_drop_off|||me2|||||||||11
605608|||0||||||MLA922344750|||drop_off|||me2|||||||||11
605609|||0||||||MLA922519308|||drop_off|||me2|||||||||11
605610|||0||||||MLA922519312|||drop_off|||me2|||||||||11
605611|||0|||true|||MLA922941890|||drop_off|||me2|||||||||11
605612|||0||||||MLA923103538|||drop_off|||me2|||||||||11
605613|||0|||true|||MLA923188163|||drop_off|||me2|||||||||11
605614|||0||||||MLA923292814|||drop_off|||me2|||||||||11
605615|||0|||true|||MLA923370705|||drop_off|||me2|||||||||11
605616|||0||||||MLA923471555|||not_specified|||not_specified||||||is_flammable|||11
605617|||0||||||MLA923568673|||drop_off|||me2|||||||||11
605618|||0|||true|||MLA923971983|||drop_off|||me2|||||||||11
605619|||0||||||MLA924004526|||drop_off|||me2|||||||||11
605620|||0|||true|||MLA924018463|||xd_drop_off|||me2|||||||||11
605621|||0|||true|||MLA924354873|||drop_off|||me2|||||||||11
605622|||0||||||MLA924394062|||drop_off|||me2|||||||||11
605623|||0|||true|||MLA924764324|||drop_off|||me2|||||||||11
605624|||0||||||MLA925198528|||drop_off|||me2|||||||||11
605625|||0|||true|||MLA925396629|||drop_off|||me2|||||||||11
605626|||0||||||MLA925406310|||drop_off|||me2|||||||||11
605627|||0||||||MLA925477736|||drop_off|||me2|||||||||11
605628|||0||||||MLA925482877|||drop_off|||me2|||||||||11
605629|||0||||||MLA925788069|||drop_off|||me2|||||||||11
605630|||0||||||MLA925868481|||drop_off|||me2|||||||||11
605631|||0|||true|||MLA925997691|||drop_off|||me2|||||||||11
605632|||0|||true|||MLA926485990|||drop_off|||me2|||||||||11
605633|||0|||true|||MLA926541961|||drop_off|||me2|||||||||11
605634|||0|||true|||MLA926975769|||drop_off|||me2|||||||||11
605635|||0||||||MLA927223625|||drop_off|||me2|||||||||11
605636|||0|||true|||MLA927292281|||drop_off|||me2|||||||||11
605637|||0|||true|||MLA927388511|||drop_off|||me2|||||||||11
605638|||0|||true|||MLA927388751|||drop_off|||me2|||||||||11
605639|||0||||||MLA927501709|||drop_off|||me2|||||||||11
605640|||0|||true|||MLA927595345|||drop_off|||me2|||||||||11
605641|||0||||||MLA927652194|||drop_off|||me2|||||||||11
605642|||0|||true|||MLA928246232|||xd_drop_off|||me2|||||||||11
605643|||0|||true|||MLA928415756|||drop_off|||me2|||||||||11
605644|||0||||||MLA928577247|||drop_off|||me2|||||||||11
605645|||0|||true|||MLA928637122|||drop_off|||me2|||||||||11
605646|||0|||true|||MLA928740536|||drop_off|||me2|||||||||11
605647|||0||||||MLA929047526|||drop_off|||me2|||||||||11
605648|||0|||true|||MLA929605956|||drop_off|||me2|||||||||11
605649|||0|||true|||MLA929857977|||xd_drop_off|||me2|||||||||11
605650|||0||||||MLA929995565|||drop_off|||me2|||||||||11
605651|||0||||||MLA930016821|||drop_off|||me2|||||||||11
605652|||0||||||MLA921973318|||drop_off|||me2|||||||||11
605653|||0||||||MLA922122104|||drop_off|||me2|||||||||11
605654|||0|||true|||MLA922154206|||drop_off|||me2|||||||||11
605655|||0|||true|||MLA922510370|||drop_off|||me2|||||||||11
605656|||0||||||MLA922532912|||drop_off|||me2|||||||||11
605657|||0|||true|||MLA922702283|||drop_off|||me2|||||||||11
605658|||0||||||MLA922792077|||drop_off|||me2|||||||||11
605659|||0||||||MLA922939123|||drop_off|||me2|||||||||11
605660|||0|||true|||MLA923055598|||drop_off|||me2|||||||||11
605661|||0||||||MLA923205794|||xd_drop_off|||me2|||||||||11
605662|||0||||||MLA923457592|||drop_off|||me2|||||||||11
605663|||0|||true|||MLA923703962|||drop_off|||me2|||||||||11
605664|||0|||true|||MLA923800252|||drop_off|||me2|||||||||11
605665|||0|||true|||MLA923906561|||drop_off|||me2|||||||||11
605666|||0|||true|||MLA923977032|||drop_off|||me2|||||||||11
605667|||0|||true|||MLA924008583|||drop_off|||me2|||||||||11
605668|||0||||||MLA924014203|||drop_off|||me2|||||||||11
605669|||0||||||MLA924311032|||drop_off|||me2|||||||||11
605670|||0|||true|||MLA924520378|||drop_off|||me2|||||||||11
605671|||0||||||MLA924957760|||drop_off|||me2|||||||||11
605672|||0|||true|||MLA925018864|||drop_off|||me2|||||||||11
605673|||0|||true|||MLA925054878|||drop_off|||me2|||||||||11
605674|||0||||||MLA925207263|||drop_off|||me2|||||||||11
605675|||0|||true|||MLA925523549|||drop_off|||me2|||||||||11
605676|||0|||true|||MLA925744341|||drop_off|||me2|||||||||11
605677|||0||||||MLA925752049|||drop_off|||me2|||||||||11
605678|||0||||||MLA925915467|||drop_off|||me2|||||||||11
605679|||0|||true|||MLA926070045|||drop_off|||me2|||||||||11
605680|||0||||||MLA926309638|||drop_off|||me2|||||||||11
605681|||0||||||MLA926568681|||drop_off|||me2|||||||||11
605682|||0||||||MLA926602192|||drop_off|||me2|||||||||11
605683|||0||||||MLA926617708|||drop_off|||me2|||||||||11
605684|||0||||||MLA926800883|||drop_off|||me2|||||||||11
605685|||0|||true|||MLA926854542|||drop_off|||me2|||||||||11
605686|||0||||||MLA926865177|||drop_off|||me2|||||||||11
605687|||0||||||MLA926867981|||drop_off|||me2|||||||||11
605688|||0|||true|||MLA927176781|||drop_off|||me2|||||||||11
605689|||0||||||MLA927270109|||drop_off|||me2|||||||||11
605690|||0|||true|||MLA927411324|||drop_off|||me2|||||||||11
605691|||0|||true|||MLA927452502|||drop_off|||me2|||||||||11
605692|||0||||||MLA927531905|||drop_off|||me2|||||||||11
605693|||0||||||MLA927568879|||drop_off|||me2|||||||||11
605694|||0|||true|||MLA927692177|||drop_off|||me2|||||||||11
605695|||0||||||MLA927769722|||drop_off|||me2|||||||||11
605696|||0||||||MLA927830092|||drop_off|||me2|||||||||11
605697|||0||||||MLA927963601|||drop_off|||me2|||||||||11
605698|||0|||true|||MLA928112913|||drop_off|||me2|||||||||11
605699|||0||||||MLA928186049|||xd_drop_off|||me2|||||||||11
605700|||0|||true|||MLA928188076|||drop_off|||me2|||||||||11
605701|||0||||||MLA928253808|||drop_off|||me2|||||||||11
605702|||0||||||MLA928263468|||drop_off|||me2|||||||||11
605703|||0|||true|||MLA928325112|||drop_off|||me2|||||||||11
605704|||0|||true|||MLA928391822|||drop_off|||me2|||||||||11
605705|||0||||||MLA928425011|||drop_off|||me2|||||||||11
605706|||0||||||MLA928468075|||drop_off|||me2|||||||||11
605707|||0||||||MLA928727011|||drop_off|||me2|||||||||11
605708|||0|||true|||MLA928831950|||drop_off|||me2|||||||||11
605709|||0||||||MLA928862291|||drop_off|||me2|||||||||11
605710|||0||||||MLA928924478|||drop_off|||me2|||||||||11
605711|||0|||true|||MLA928991500|||drop_off|||me2|||||||||11
605712|||0||||||MLA929097231|||drop_off|||me2|||||||||11
605713|||0|||true|||MLA929114501|||drop_off|||me2|||||||||11
605714|||0|||true|||MLA929292042|||drop_off|||me2|||||||||11
605715|||0||||||MLA929368070|||drop_off|||me2|||||||||11
605716|||0||||||MLA929633817|||drop_off|||me2|||||||||11
605717|||0||||||MLA930010007|||drop_off|||me2|||||||||11
605718|||0||||||MLA874959878|||xd_drop_off|||me2|||||||||11
605719|||0|||true|||MLA921905235|||drop_off|||me2|||||||||11
605720|||0||||||MLA921937953|||drop_off|||me2|||||||||11
605721|||0||||||MLA921943633|||drop_off|||me2|||||||||11
605722|||0|||true|||MLA921951094|||drop_off|||me2|||||||||11
605723|||0||||||MLA922047582|||drop_off|||me2|||||||||11
605724|||0||||||MLA922310623|||drop_off|||me2|||||||||11
605725|||0||||||MLA922364718|||drop_off|||me2|||||||||11
605726|||0|||true|||MLA922381244|||drop_off|||me2|||||||||11
605727|||0|||true|||MLA922525784|||drop_off|||me2|||||||||11
605728|||0||||||MLA922674937|||drop_off|||me2|||||||||11
605729|||0|||true|||MLA922677737|||drop_off|||me2|||||||||11
605730|||0|||true|||MLA922711444|||drop_off|||me2|||||||||11
605731|||0||||||MLA923055435|||drop_off|||me2|||||||||11
605732|||0|||true|||MLA923114045|||drop_off|||me2|||||||||11
605733|||0||||||MLA923571111|||drop_off|||me2|||||||||11
605734|||0||||||MLA923801627|||drop_off|||me2|||||||||11
605735|||0|||true|||MLA923972046|||drop_off|||me2|||||||||11
605736|||0|||true|||MLA924030040|||drop_off|||me2|||||||||11
605737|||0|||true|||MLA924035184|||drop_off|||me2|||||||||11
605738|||0|||true|||MLA924303200|||drop_off|||me2|||||||||11
605739|||0|||true|||MLA924340575|||drop_off|||me2|||||||||11
605740|||0||||||MLA924388292|||drop_off|||me2|||||||||11
605741|||0||||||MLA924428721|||drop_off|||me2|||||||||11
605742|||0||||||MLA924434288|||drop_off|||me2|||||||||11
605743|||0|||true|||MLA924580603|||drop_off|||me2|||||||||11
605744|||0||||||MLA924842443|||drop_off|||me2|||||||||11
605745|||0||||||MLA924944908|||drop_off|||me2|||||||||11
605746|||0||||||MLA925231414|||drop_off|||me2|||||||||11
605747|||0||||||MLA925401015|||drop_off|||me2|||||||||11
605748|||0||||||MLA925412756|||drop_off|||me2|||||||||11
605749|||0||||||MLA925461232|||drop_off|||me2|||||||||11
605750|||0|||true|||MLA925493905|||drop_off|||me2|||||||||11
605751|||0||||||MLA925537305|||drop_off|||me2|||||||||11
605752|||0||||||MLA925591849|||drop_off|||me2|||||||||11
605753|||0|||true|||MLA925621014|||drop_off|||me2|||||||||11
605754|||0|||true|||MLA925670322|||drop_off|||me2|||||||||11
605755|||0||||||MLA925764091|||drop_off|||me2|||||||||11
605756|||0|||true|||MLA925995262|||drop_off|||me2|||||||||11
605757|||0||||||MLA926144626|||drop_off|||me2|||||||||11
605758|||0||||||MLA926361184|||drop_off|||me2|||||||||11
605759|||0||||||MLA926422390|||drop_off|||me2|||||||||11
605760|||0||||||MLA926435907|||drop_off|||me2|||||||||11
605761|||0|||true|||MLA926640419|||drop_off|||me2|||||||||11
605762|||0||||||MLA926675556|||drop_off|||me2|||||||||11
605763|||0||||||MLA926676259|||drop_off|||me2|||||||||11
605764|||0||||||MLA926679249|||xd_drop_off|||me2|||||||||11
605765|||0||||||MLA926720026|||drop_off|||me2|||||||||11
605766|||0||||||MLA926721095|||drop_off|||me2|||||||||11
605767|||0|||true|||MLA926731279|||drop_off|||me2|||||||||11
605768|||0||||||MLA926793287|||drop_off|||me2|||||||||11
605769|||0|||true|||MLA926956627|||drop_off|||me2|||||||||11
605770|||0|||true|||MLA927043240|||drop_off|||me2|||||||||11
605771|||0|||true|||MLA927100578|||drop_off|||me2|||||||||11
605772|||0||||||MLA927155567|||drop_off|||me2|||||||||11
605773|||0|||true|||MLA927264082|||drop_off|||me2|||||||||11
605774|||0||||||MLA927276476|||drop_off|||me2|||||||||11
605775|||0||||||MLA927284589|||drop_off|||me2|||||||||11
605776|||0||||||MLA927289343|||drop_off|||me2|||||||||11
605777|||0||||||MLA927318471|||drop_off|||me2|||||||||11
605778|||0||||||MLA927462570|||drop_off|||me2|||||||||11
605779|||0||||||MLA927462711|||drop_off|||me2|||||||||11
605780|||0|||true|||MLA927563006|||drop_off|||me2|||||||||11
605781|||0|||true|||MLA927726043|||drop_off|||me2|||||||||11
605782|||0||||||MLA927946421|||drop_off|||me2|||||||||11
605783|||0||||||MLA928018308|||drop_off|||me2|||||||||11
605784|||0|||true|||MLA928025881|||drop_off|||me2|||||||||11
605785|||0||||||MLA928250704|||drop_off|||me2|||||||||11
605786|||0|||true|||MLA928257281|||drop_off|||me2|||||||||11
605787|||0||||||MLA928260959|||drop_off|||me2|||||||||11
605788|||0||||||MLA928410223|||drop_off|||me2|||||||||11
605789|||0|||true|||MLA928421968|||drop_off|||me2|||||||||11
605790|||0|||true|||MLA928423531|||drop_off|||me2|||||||||11
605791|||0||||||MLA928426994|||drop_off|||me2|||||||||11
605792|||0||||||MLA928644906|||drop_off|||me2|||||||||11
605793|||0||||||MLA928669257|||drop_off|||me2|||||||||11
605794|||0||||||MLA928733898|||drop_off|||me2|||||||||11
605795|||0||||||MLA928941342|||drop_off|||me2|||||||||11
605796|||0|||true|||MLA928978446|||drop_off|||me2|||||||||11
605797|||0||||||MLA929019541|||xd_drop_off|||me2|||||||||11
605798|||0||||||MLA929116448|||drop_off|||me2|||||||||11
605799|||0|||true|||MLA929190587|||drop_off|||me2|||||||||11
605800|||0||||||MLA929196954|||xd_drop_off|||me2|||||||||11
605801|||0||||||MLA929197654|||drop_off|||me2|||||||||11
605802|||0||||||MLA929200644|||drop_off|||me2|||||||||11
605803|||0||||||MLA929307715|||drop_off|||me2|||||||||11
605804|||0||||||MLA929368365|||drop_off|||me2|||||||||11
605805|||0||||||MLA929484181|||drop_off|||me2|||||||||11
605806|||0||||||MLA929607715|||drop_off|||me2|||||||||11
605807|||0||||||MLA929639469|||drop_off|||me2|||||||||11
605808|||0||||||MLA929651746|||drop_off|||me2|||||||||11
605809|||0||||||MLA929857559|||drop_off|||me2|||||||||11
605810|||0||||||MLA929985000|||drop_off|||me2|||||||||11
605811|||0|||true|||MLA1100045634|||drop_off|||me2|||||||||11
605812|||0||||||MLA922037421|||not_specified|||not_specified||||||is_flammable|||11
605813|||0||||||MLA922090071|||drop_off|||me2|||||||||11
605814|||0|||true|||MLA922221676|||drop_off|||me2|||||||||11
605815|||0|||true|||MLA922439986|||drop_off|||me2|||||||||11
605816|||0||||||MLA922541521|||drop_off|||me2|||||||||11
605817|||0|||true|||MLA922867322|||drop_off|||me2|||||||||11
605818|||0||||||MLA923067591|||drop_off|||me2|||||||||11
605819|||0||||||MLA923387123|||drop_off|||me2|||||||||11
605820|||0||||||MLA923642874|||drop_off|||me2|||||||||11
605821|||0|||true|||MLA924008234|||drop_off|||me2|||||||||11
605822|||0|||true|||MLA924031047|||drop_off|||me2|||||||||11
605823|||0||||||MLA924427732|||drop_off|||me2|||||||||11
605824|||0|||true|||MLA924633932|||drop_off|||me2|||||||||11
605825|||0||||||MLA924651363|||drop_off|||me2|||||||||11
605826|||0||||||MLA925314946|||drop_off|||me2|||||||||11
605827|||0||||||MLA925420577|||drop_off|||me2|||||||||11
605828|||0||||||MLA925622504|||drop_off|||me2|||||||||11
605829|||0||||||MLA925985297|||drop_off|||me2|||||||||11
605830|||0||||||MLA926041342|||drop_off|||me2|||||||||11
605831|||0||||||MLA926373419|||xd_drop_off|||me2|||||||||11
605832|||0||||||MLA926414838|||drop_off|||me2|||||||||11
605833|||0||||||MLA926451188|||drop_off|||me2|||||||||11
605834|||0|||true|||MLA926565928|||xd_drop_off|||me2|||||||||11
605835|||0|||true|||MLA926585995|||drop_off|||me2|||||||||11
605836|||0|||true|||MLA926588936|||drop_off|||me2|||||||||11
605837|||0||||||MLA927103342|||drop_off|||me2|||||||||11
605838|||0|||true|||MLA927500878|||drop_off|||me2|||||||||11
605839|||0|||true|||MLA927626527|||drop_off|||me2|||||||||11
605840|||0|||true|||MLA928283467|||drop_off|||me2|||||||||11
605841|||0||||||MLA928414291|||drop_off|||me2|||||||||11
605842|||0|||true|||MLA928577921|||drop_off|||me2|||||||||11
605843|||0||||||MLA928665620|||drop_off|||me2|||||||||11
605844|||0||||||MLA928705107|||drop_off|||me2|||||||||11
605845|||0|||true|||MLA929014621|||drop_off|||me2|||||||||11
605846|||0||||||MLA929208930|||drop_off|||me2|||||||||11
605847|||0||||||MLA929214554|||drop_off|||me2|||||||||11
605848|||0|||true|||MLA929227368|||drop_off|||me2|||||||||11
605849|||0||||||MLA929228697|||drop_off|||me2|||||||||11
605850|||0||||||MLA929275749|||drop_off|||me2|||||||||11
605851|||0|||true|||MLA929352417|||drop_off|||me2|||||||||11
605852|||0||||||MLA929416764|||drop_off|||me2|||||||||11
605853|||0||||||MLA929498215|||drop_off|||me2|||||||||11
605854|||0||||||MLA929610745|||drop_off|||me2|||||||||11
605855|||0|||true|||MLA929616409|||xd_drop_off|||me2|||||||||11
605856|||0||||||MLA929643833|||drop_off|||me2|||||||||11
605857|||0||||||MLA929644198|||drop_off|||me2|||||||||11
605858|||0||||||MLA929831392|||drop_off|||me2|||||||||11
605859|||0||||||MLA929890043|||drop_off|||me2|||||||||11
605860|||0||||||MLA929938820|||not_specified|||not_specified||||||is_flammable|||11
605861|||0|||true|||MLA929971795|||drop_off|||me2|||||||||11
605862|||0||||||MLA929989055|||drop_off|||me2|||||||||11
605863|||0|||true|||MLA930008474|||drop_off|||me2|||||||||11
605864|||0||||||MLA930046019|||drop_off|||me2|||||||||11
605865|||0||||||MLA930065012|||drop_off|||me2|||||||||11
605866|||0||||||MLA930085864|||drop_off|||me2|||||||||11
605867|||0|||true|||MLA927298306|||drop_off|||me2|||||||||11
605868|||0||||||MLA927428356|||drop_off|||me2|||||||||11
605869|||0||||||MLA922352966|||drop_off|||me2|||||||||11
605870|||0||||||MLA927069832|||drop_off|||me2|||||||||11
605871|||0||||||MLA927022927|||drop_off|||me2|||||||||11
605872|||0||||||MLA929372303|||drop_off|||me2|||||||||11
605873|||0||||||MLA923080421|||drop_off|||me2|||||||||11
605874|||0||||||MLA922601368|||drop_off|||me2|||||||||11
605875|||0||||||MLA923473143|||drop_off|||me2|||||||||11
605876|||0||||||MLA922071117|||drop_off|||me2|||||||||11
605877|||0||||||MLA924299435|||xd_drop_off|||me2|||||||||11
605878|||0||||||MLA930032049|||xd_drop_off|||me2|||||||||11
605879|||0|||true|||MLA928239477|||xd_drop_off|||me2|||||||||11
605880|||0|||true|||MLA924393924|||xd_drop_off|||me2|||||||||11
605881|||0||||||MLA929528258|||drop_off|||me2|||||||||11
605882|||0|||true|||MLA923795053|||drop_off|||me2|||||||||11
605883|||0||||||MLA929571551|||drop_off|||me2|||||||||11
605884|||0||||||MLA926505142|||drop_off|||me2|||||||||11
605885|||0||||||MLA924052708|||drop_off|||me2|||||||||11
605886|||0|||true|||MLA925362126|||xd_drop_off|||me2|||||||||11
605887|||0||||||MLA925005590|||xd_drop_off|||me2|||||||||11
605888|||0||||||MLA926545833|||drop_off|||me2|||||||||11
605889|||0|||true|||MLA925407342|||drop_off|||me2|||||||||11
605890|||0|||true|||MLA926825003|||drop_off|||me2|||||||||11
605891|||0|||true|||MLA927025084|||drop_off|||me2|||||||||11
605892|||0|||true|||MLA930078808|||drop_off|||me2|||||||||11
605893|||0|||true|||MLA886747596|||xd_drop_off|||me2||||||mandatory_free_shipping|||11
605894|||0|||true|||MLA923717966|||drop_off|||me2|||||||||11
605895|||0|||true|||MLA928542213|||drop_off|||me2|||||||||11
605896|||0||||||MLA923137542|||drop_off|||me2|||||||||11
605897|||0||||||MLA924390635|||drop_off|||me2|||||||||11
605898|||0||||||MLA922624835|||drop_off|||me2|||||||||11
605899|||0||||||MLA922480592|||drop_off|||me2|||||||||11
605900|||0|||true|||MLA925710703|||drop_off|||me2|||||||||11
605901|||0||||||MLA927194047|||drop_off|||me2|||||||||11
605902|||0||||||MLA928804948|||drop_off|||me2|||||||||11
605903|||0||||||MLA924010062|||drop_off|||me2|||||||||11
605904|||0|||true|||MLA922415937|||drop_off|||me2|||||||||11
605905|||0|||true|||MLA923240726|||drop_off|||me2|||||||||11
605906|||0||||||MLA923196961|||drop_off|||me2|||||||||11
605907|||0||||||MLA925469711|||drop_off|||me2|||||||||11
605908|||0||||||MLA926679192|||drop_off|||me2|||||||||11
605909|||0||||||MLA928035017|||drop_off|||me2|||||||||11
605910|||0||||||MLA927884382|||drop_off|||me2|||||||||11
605911|||0|||true|||MLA928720893|||xd_drop_off|||me2||||||self_service_in|||11
605912|||0||||||MLA923070989|||xd_drop_off|||me2|||||||||11
605913|||0||||||MLA927027120|||drop_off|||me2|||||||||11
605914|||0|||true|||MLA924477793|||drop_off|||me2|||||||||11
605915|||0||||||MLA929669454|||drop_off|||me2|||||||||11
605916|||0||||||MLA929226655|||drop_off|||me2|||||||||11
605917|||0||||||MLA923490598|||drop_off|||me2|||||||||11
605918|||0||||||MLA929736808|||drop_off|||me2|||||||||11
605919|||0||||||MLA926186550|||drop_off|||me2|||||||||11
605920|||0|||true|||MLA927173973|||drop_off|||me2|||||||||11
605921|||0||||||MLA923054215|||xd_drop_off|||me2|||||||||11
605922|||0||||||MLA921857391|||drop_off|||me2|||||||||11
605923|||0||||||MLA925181453|||drop_off|||me2|||||||||11
605924|||0|||true|||MLA927330111|||drop_off|||me2|||||||||11
605925|||0|||true|||MLA922854960|||drop_off|||me2|||||||||11
605926|||0|||true|||MLA922858759|||drop_off|||me2|||||||||11
605927|||0||||||MLA926591189|||xd_drop_off|||me2|||||||||11
605928|||0||||||MLA922180100|||drop_off|||me2|||||||||11
605929|||0||||||MLA924393945|||drop_off|||me2|||||||||11
605930|||0||||||MLA924035587|||drop_off|||me2|||||||||11
605931|||0||||||MLA925415201|||drop_off|||me2|||||||||11
605932|||0|||true|||MLA927535263|||drop_off|||me2|||||||||11
605933|||0|||true|||MLA929024957|||drop_off|||me2|||||||||11
605934|||0||||||MLA922197438|||drop_off|||me2|||||||||11
605935|||0|||true|||MLA922323494|||drop_off|||me2|||||||||11
605936|||0||||||MLA922479722|||drop_off|||me2|||||||||11
605937|||0||||||MLA923066332|||drop_off|||me2|||||||||11
605938|||0||||||MLA922066226|||drop_off|||me2|||||||||11
605939|||0||||||MLA922790231|||drop_off|||me2|||||||||11
605940|||0||||||MLA922250730|||drop_off|||me2|||||||||11
605941|||0||||||MLA925747660|||xd_drop_off|||me2|||||||||11
605942|||0|||true|||MLA927743597|||drop_off|||me2|||||||||11
605943|||0|||true|||MLA922832511|||drop_off|||me2|||||||||11
605944|||0|||true|||MLA925362011|||drop_off|||me2|||||||||11
605945|||0||||||MLA928281255|||drop_off|||me2|||||||||11
605946|||0||||||MLA928574002|||drop_off|||me2|||||||||11
605947|||0||||||MLA925673490|||drop_off|||me2|||||||||11
605948|||0||||||MLA882588283|||xd_drop_off|||me2|||||||||11
605949|||0||||||MLA912220939|||drop_off|||me2|||||||||11
605950|||0|||true|||MLA925042396|||xd_drop_off|||me2|||||||||11
605951|||0||||||MLA928768076|||xd_drop_off|||me2|||||||||11
605952|||0|||true|||MLA927024046|||drop_off|||me2|||||||||11
605953|||0||||||MLA929612779|||drop_off|||me2|||||||||11
605954|||0|||true|||MLA922093052|||xd_drop_off|||me2|||||||||11
605955|||0||||||MLA927236218|||xd_drop_off|||me2|||||||||11
605956|||0||||||MLA925816404|||drop_off|||me2|||||||||11
605957|||0||||||MLA926934786|||xd_drop_off|||me2|||||||||11
605958|||0||||||MLA924036345|||xd_drop_off|||me2|||||||||11
605959|||0||||||MLA929119232|||drop_off|||me2|||||||||11
605960|||0||||||MLA927020189|||drop_off|||me2|||||||||11
605961|||0||||||MLA926910146|||drop_off|||me2|||||||||11
605962|||0|||true|||MLA899535182|||xd_drop_off|||me2||||||mandatory_free_shipping|||11
605963|||0||||||MLA922021659|||drop_off|||me2|||||||||11
605964|||0||||||MLA917757728|||xd_drop_off|||me2|||||||||11
605965|||0|||true|||MLA918272197|||xd_drop_off|||me2|||||||||11
605966|||0|||true|||MLA925300853|||drop_off|||me2|||||||||11
605967|||0||||||MLA908384437|||xd_drop_off|||me2|||||||||11
605968|||0|||true|||MLA906035092|||xd_drop_off|||me2|||||||||11
605969|||0|||true|||MLA918272316|||xd_drop_off|||me2|||||||||11
605970|||0|||true|||MLA928911286|||drop_off|||me2|||||||||11
605971|||0||||||MLA923684870|||drop_off|||me2|||||||||11
605972|||0|||true|||MLA929305861|||drop_off|||me2|||||||||11
605973|||0||||||MLA923112002|||drop_off|||me2|||||||||11
605974|||0|||true|||MLA880957244|||xd_drop_off|||me2||||||mandatory_free_shipping|||11
605975|||0||||||MLA926586729|||xd_drop_off|||me2|||||||||11
605976|||0||||||MLA928812597|||drop_off|||me2|||||||||11
605977|||0|||true|||MLA922644243|||drop_off|||me2|||||||||11
605978|||0||||||MLA927784558|||xd_drop_off|||me2|||||||||11
605979|||0||||||MLA927787053|||xd_drop_off|||me2|||||||||11
605980|||0||||||MLA924286101|||xd_drop_off|||me2|||||||||11
605981|||0|||true|||MLA908147965|||drop_off|||me2|||||||||11
605982|||0|||true|||MLA924241122|||xd_drop_off|||me2|||||||||11
605983|||0||||||MLA897584788|||xd_drop_off|||me2|||||||||11
605984|||0||||||MLA928068478|||drop_off|||me2|||||||||11
605985|||0|||true|||MLA922814591|||xd_drop_off|||me2|||||||||11
605986|||0||||||MLA907794698|||xd_drop_off|||me2|||||||||11
605987|||0||||||MLA925917084|||drop_off|||me2|||||||||11
605988|||0||||||MLA916570445|||xd_drop_off|||me2|||||||||11
605989|||0||||||MLA899021542|||drop_off|||me2|||||||||11
605990|||0||||||MLA916048239|||xd_drop_off|||me2|||||||||11
605991|||0|||true|||MLA916046941|||xd_drop_off|||me2|||||||||11
605992|||0||||||MLA918512612|||drop_off|||me2|||||||||11
605993|||0||||||MLA908627478|||xd_drop_off|||me2|||||||||11
605994|||0||||||MLA912223966|||drop_off|||me2|||||||||11
605995|||0|||true|||MLA921854230|||drop_off|||me2||||||mandatory_free_shipping|||11
605996|||0|||true|||MLA904492824|||drop_off|||me2|||||||||11
605997|||0|||true|||MLA912223321|||drop_off|||me2|||||||||11
605998|||0||||||MLA905487464|||xd_drop_off|||me2|||||||||11
605999|||0|||true|||MLA928420603|||drop_off|||me2|||||||||11
606000|||0|||true|||MLA928420577|||drop_off|||me2|||||||||11
606001|||0||||||MLA912271721|||xd_drop_off|||me2|||||||||11
606002|||0|||true|||MLA926810108|||xd_drop_off|||me2|||||||||11
606003|||0|||true|||MLA928421383|||drop_off|||me2|||||||||11
606004|||0|||true|||MLA922716111|||xd_drop_off|||me2|||||||||11
606005|||0|||true|||MLA843993800|||xd_drop_off|||me2||||||mandatory_free_shipping|||11
606006|||0|||true|||MLA805080676|||drop_off|||me2||||||mandatory_free_shipping|||11
606007|||0||||||MLA917513818|||xd_drop_off|||me2|||||||||11
606008|||0||||||MLA929587807|||xd_drop_off|||me2|||||||||11
606009|||0||||||MLA917823727|||drop_off|||me2|||||||||11
606010|||0|||true|||MLA899897721|||xd_drop_off|||me2|||||||||11
