604800|||0||||||MLA883729904|||fulfillment|||me2||||||fulfillment,self_service_in|||24
604801|||0|||true|||MLA736554704|||xd_drop_off|||me2||||||self_service_in,mandatory_free_shipping|||24
604802|||0|||true|||MLA875129896|||fulfillment|||me2||||||fulfillment|||24
604803|||0|||true|||MLA905267988|||cross_docking|||me2||||||self_service_in,mandatory_free_shipping|||24
604804|||0||||||MLA916573772|||xd_drop_off|||me2||||||self_service_in|||24
604805|||0|||true|||MLA869923735|||fulfillment|||me2||||||fulfillment,self_service_in,mandatory_free_shipping|||24
604806|||0||||||MLA818139508|||cross_docking|||me2||||||self_service_in|||24
604807|||0||||||MLA915052445|||cross_docking|||me2||||||self_service_in|||24
604808|||0||||||MLA921474256|||fulfillment|||me2||||||fulfillment,self_service_in|||24
604809|||0||||||MLA1100222381|||fulfillment|||me2||||||fulfillment,self_service_out|||24
604810|||0|||true|||MLA819278091|||cross_docking|||me2||||||self_service_in,mandatory_free_shipping|||24
604811|||0|||true|||MLA923909859|||xd_drop_off|||me2||||||self_service_in,mandatory_free_shipping|||24
604812|||0||||||MLA934953153|||cross_docking|||me2||||||self_service_in|||24
604813|||0||||||MLA929849259|||cross_docking|||me2||||||self_service_in|||24
604814|||0||||||MLA885703652|||fulfillment|||me2||||||fulfillment,self_service_in|||24
604815|||0||||||MLA910299743|||fulfillment|||me2||||||fulfillment,self_service_in|||24
604816|||0|||true|||MLA736467493|||xd_drop_off|||me2||||||self_service_in,mandatory_free_shipping|||24
604817|||0|||true|||MLA815003500|||xd_drop_off|||me2||||||self_service_in,mandatory_free_shipping|||24
604818|||0|||true|||MLA819278221|||cross_docking|||me2||||||self_service_in,mandatory_free_shipping|||24
604819|||0|||true|||MLA929601996|||cross_docking|||me2||||||self_service_in,mandatory_free_shipping|||24
604820|||0|||true|||MLA917457311|||cross_docking|||me2||||||self_service_in,mandatory_free_shipping|||24
604821|||0||||||MLA883217483|||cross_docking|||me2||||||self_service_in|||24
604822|||0|||true|||MLA909614097|||xd_drop_off|||me2||||||self_service_out,mandatory_free_shipping|||24
604823|||0||||||MLA920317792|||fulfillment|||me2||||||fulfillment|||24
604824|||0|||true|||MLA919226914|||cross_docking|||me2||||||self_service_in,mandatory_free_shipping|||24
604825|||0|||true|||MLA912183026|||cross_docking|||me2||||||self_service_in,mandatory_free_shipping|||24
604826|||0|||true|||MLA882721119|||xd_drop_off|||me2||||||self_service_in,mandatory_free_shipping|||24
604827|||0|||true|||MLA899511738|||cross_docking|||me2||||||self_service_in,mandatory_free_shipping|||24
604828|||0||||||MLA842892070|||cross_docking|||me2||||||self_service_in|||24
604829|||0|||true|||MLA885710145|||cross_docking|||me2||||||self_service_in,mandatory_free_shipping|||24
604830|||0|||true|||MLA917709331|||xd_drop_off|||me2||||||self_service_in,mandatory_free_shipping|||24
604831|||0|||true|||MLA863272790|||fulfillment|||me2||||||fulfillment,self_service_in,mandatory_free_shipping|||24
604832|||0|||true|||MLA928853579|||cross_docking|||me2||||||self_service_in,mandatory_free_shipping|||24
604833|||0|||true|||MLA823703490|||xd_drop_off|||me2||||||self_service_in,mandatory_free_shipping|||24
604834|||0||||||MLA925114707|||cross_docking|||me2||||||self_service_in|||24
604835|||0|||true|||MLA689594074|||fulfillment|||me2||||||fulfillment,self_service_out,mandatory_free_shipping|||24
604836|||0|||true|||MLA925199228|||xd_drop_off|||me2||||||self_service_in,mandatory_free_shipping|||24
604837|||0||||||MLA911952176|||fulfillment|||me2||||||fulfillment,self_service_out|||24
604838|||0||||||MLA912435619|||cross_docking|||me2||||||self_service_in|||24
604839|||0|||true|||MLA918471240|||xd_drop_off|||me2||||||self_service_in|||24
604840|||0|||true|||MLA869697440|||cross_docking|||me2||||||self_service_in,mandatory_free_shipping|||24
604841|||0|||true|||MLA1102370132|||xd_drop_off|||me2||||||self_service_in,mandatory_free_shipping|||24
604842|||0|||true|||MLA1106228725|||cross_docking|||me2||||||self_service_in,mandatory_free_shipping|||24
604843|||0|||true|||MLA923900892|||cross_docking|||me2||||||self_service_in,mandatory_free_shipping|||24
604844|||0|||true|||MLA1103084396|||cross_docking|||me2||||||self_service_in,fbm_in_process,mandatory_free_shipping|||24
604845|||0||||||MLA923899932|||cross_docking|||me2||||||self_service_in|||24
604846|||0|||true|||MLA785494425|||xd_drop_off|||me2||||||self_service_in,mandatory_free_shipping|||24
604847|||0|||true|||MLA882663021|||cross_docking|||me2||||||self_service_in,mandatory_free_shipping|||24
604848|||0|||true|||MLA711313737|||fulfillment|||me2||||||fulfillment,self_service_out,mandatory_free_shipping|||24
604849|||0|||true|||MLA930575534|||cross_docking|||me2||||||self_service_in,mandatory_free_shipping|||24
604850|||0|||true|||MLA714209641|||xd_drop_off|||me2||||||self_service_in,mandatory_free_shipping|||24
604851|||0|||true|||MLA821595386|||fulfillment|||me2||||||fulfillment,self_service_in,mandatory_free_shipping|||24
604852|||0|||true|||MLA912182234|||cross_docking|||me2||||||self_service_in,mandatory_free_shipping|||24
604853|||0||||||MLA905125782|||cross_docking|||me2||||||fs_threshold_mla_change_feb2021|||24
604854|||0|||true|||MLA903970463|||xd_drop_off|||me2||||||mandatory_free_shipping|||24
604855|||0||||||MLA1105423138|||xd_drop_off|||me2||||||self_service_in|||24
604856|||0|||true|||MLA838800813|||cross_docking|||me2||||||self_service_in,mandatory_free_shipping|||24
604857|||0|||true|||MLA819278179|||cross_docking|||me2||||||self_service_in,mandatory_free_shipping|||24
604858|||0|||true|||MLA902673739|||cross_docking|||me2||||||self_service_in,mandatory_free_shipping|||24
604859|||0||||||MLA930493296|||cross_docking|||me2||||||self_service_in|||24
604860|||0|||true|||MLA918163002|||fulfillment|||me2||||||fulfillment,self_service_in|||24
604861|||0|||true|||MLA1103075360|||cross_docking|||me2||||||self_service_in,mandatory_free_shipping|||24
604862|||0||||||MLA1102718687|||xd_drop_off|||me2||||||self_service_in|||24
604863|||0||||||MLA881634991|||cross_docking|||me2||||||self_service_in|||24
604864|||0||||||MLA1102125454|||cross_docking|||me2||||||self_service_in|||24
604865|||0|||true|||MLA912172201|||cross_docking|||me2||||||self_service_in,mandatory_free_shipping|||24
604866|||0|||true|||MLA909379560|||cross_docking|||me2||||||self_service_in,mandatory_free_shipping|||24
604867|||0|||true|||MLA913256116|||drop_off|||me2||||||mandatory_free_shipping|||24
604868|||0|||true|||MLA837058757|||cross_docking|||me2||||||self_service_in,mandatory_free_shipping|||24
604869|||0|||true|||MLA881635880|||cross_docking|||me2||||||self_service_in,mandatory_free_shipping|||24
604870|||0|||true|||MLA909383044|||cross_docking|||me2||||||self_service_in,mandatory_free_shipping|||24
604871|||0|||true|||MLA917063752|||cross_docking|||me2||||||self_service_in,mandatory_free_shipping|||24
604872|||0|||true|||MLA923901622|||cross_docking|||me2||||||self_service_in,mandatory_free_shipping|||24
604873|||0|||true|||MLA904849556|||cross_docking|||me2||||||self_service_in,mandatory_free_shipping|||24
604874|||0|||true|||MLA835107637|||xd_drop_off|||me2||||||self_service_in,mandatory_free_shipping|||24
604875|||0|||true|||MLA906313125|||cross_docking|||me2||||||self_service_in,mandatory_free_shipping|||24
604876|||0|||true|||MLA899413645|||cross_docking|||me2||||||self_service_in,mandatory_free_shipping|||24
604877|||0|||true|||MLA835107613|||xd_drop_off|||me2||||||self_service_in,mandatory_free_shipping|||24
604878|||0||||||MLA928054359|||xd_drop_off|||me2||||||self_service_in|||24
604879|||0|||true|||MLA886273882|||drop_off|||me2||||||mandatory_free_shipping|||24
604880|||0|||true|||MLA912180362|||cross_docking|||me2||||||self_service_in,mandatory_free_shipping|||24
604881|||0|||true|||MLA838802709|||cross_docking|||me2||||||self_service_in,mandatory_free_shipping|||24
604882|||0|||true|||MLA863034047|||cross_docking|||me2||||||self_service_in,mandatory_free_shipping|||24
604883|||0|||true|||MLA853424174|||cross_docking|||me2||||||self_service_in,mandatory_free_shipping|||24
604884|||0||||||MLA918601215|||xd_drop_off|||me2|||||||||24
604885|||0||||||MLA930611049|||xd_drop_off|||me2||||||self_service_in|||24
604886|||0|||true|||MLA905126155|||cross_docking|||me2||||||mandatory_free_shipping|||24
604887|||0|||true|||MLA898002312|||cross_docking|||me2||||||self_service_out,mandatory_free_shipping|||24
604888|||0|||true|||MLA917076319|||cross_docking|||me2||||||self_service_in,mandatory_free_shipping|||24
604889|||0|||true|||MLA790978016|||xd_drop_off|||me2||||||self_service_in,mandatory_free_shipping|||24
604890|||0|||true|||MLA886283824|||cross_docking|||me2||||||self_service_in,mandatory_free_shipping|||24
604891|||0|||true|||MLA814244700|||drop_off|||me2||||||mandatory_free_shipping|||24
604892|||0|||true|||MLA903998026|||xd_drop_off|||me2||||||mandatory_free_shipping|||24
604893|||0|||true|||MLA903993661|||xd_drop_off|||me2||||||mandatory_free_shipping|||24
604894|||0||||||MLA1104745903|||drop_off|||me2|||||||||24
604895|||0||||||MLA925604075|||xd_drop_off|||me2|||||||||24
604896|||0|||true|||MLA901912718|||cross_docking|||me2||||||self_service_in,mandatory_free_shipping|||24
604897|||0|||true|||MLA926572449|||drop_off|||me2||||||mandatory_free_shipping|||24
604898|||0|||true|||MLA1102291223|||fulfillment|||me2||||||fulfillment,self_service_out,mandatory_free_shipping|||24
604899|||0|||true|||MLA1102236097|||fulfillment|||me2||||||fulfillment,self_service_out,mandatory_free_shipping|||24
604900|||0|||true|||MLA899413611|||cross_docking|||me2||||||self_service_in,mandatory_free_shipping|||24
604901|||0|||true|||MLA897570971|||cross_docking|||me2||||||self_service_in,mandatory_free_shipping|||24
604902|||0|||true|||MLA932928148|||fulfillment|||me2||||||fulfillment,self_service_in,mandatory_free_shipping|||24
604903|||0|||true|||MLA917077179|||cross_docking|||me2||||||self_service_in,mandatory_free_shipping|||24
604904|||0|||true|||MLA925819221|||drop_off|||me2||||||self_service_in,mandatory_free_shipping|||24
604905|||0|||true|||MLA903975961|||xd_drop_off|||me2||||||mandatory_free_shipping|||24
604906|||0|||true|||MLA935305851|||cross_docking|||me2||||||self_service_in,mandatory_free_shipping|||24
604907|||0||||||MLA1103900455|||cross_docking|||me2||||||self_service_in|||24
604908|||0|||true|||MLA934569833|||drop_off|||me2||||||mandatory_free_shipping|||24
604909|||0|||true|||MLA897607888|||cross_docking|||me2||||||self_service_in,mandatory_free_shipping|||24
604910|||0|||true|||MLA1102677468|||cross_docking|||me2||||||self_service_in,mandatory_free_shipping|||24
604911|||0|||true|||MLA1103030220|||cross_docking|||me2||||||self_service_in,mandatory_free_shipping|||24
604912|||0|||true|||MLA903818356|||cross_docking|||me2||||||self_service_in,mandatory_free_shipping|||24
604913|||0|||true|||MLA935247457|||cross_docking|||me2||||||self_service_in,mandatory_free_shipping|||24
604914|||0|||true|||MLA935241231|||cross_docking|||me2||||||self_service_in,mandatory_free_shipping|||24
604915|||0|||true|||MLA935247565|||cross_docking|||me2||||||self_service_in,mandatory_free_shipping|||24
604916|||0|||true|||MLA832703520|||cross_docking|||me2||||||self_service_in,mandatory_free_shipping|||24
604917|||0|||true|||MLA935242291|||cross_docking|||me2||||||self_service_in,mandatory_free_shipping|||24
604918|||0||||||MLA1102494483|||xd_drop_off|||me2||||||self_service_in|||24
604919|||0|||true|||MLA1103433214|||fulfillment|||me2||||||fulfillment,self_service_out,mandatory_free_shipping|||24
604920|||0|||true|||MLA933954185|||xd_drop_off|||me2||||||self_service_in,mandatory_free_shipping|||24
604921|||0|||true|||MLA932957736|||xd_drop_off|||me2||||||self_service_in,mandatory_free_shipping|||24
604922|||0|||true|||MLA935243794|||cross_docking|||me2||||||self_service_in,mandatory_free_shipping|||24
604923|||0|||true|||MLA919234446|||xd_drop_off|||me2||||||self_service_in,mandatory_free_shipping|||24
604924|||0|||true|||MLA935245447|||cross_docking|||me2||||||self_service_in,mandatory_free_shipping|||24
604925|||0|||true|||MLA930613843|||xd_drop_off|||me2||||||self_service_in,mandatory_free_shipping|||24
604926|||0|||true|||MLA832074403|||cross_docking|||me2||||||self_service_out,mandatory_free_shipping|||24
604927|||0|||true|||MLA884058986|||xd_drop_off|||me2||||||self_service_out,mandatory_free_shipping|||24
604928|||0|||true|||MLA901542770|||cross_docking|||me2||||||self_service_in,mandatory_free_shipping|||24
604929|||0|||true|||MLA1102344160|||xd_drop_off|||me2||||||self_service_in,mandatory_free_shipping|||24
604930|||0|||true|||MLA909382131|||cross_docking|||me2||||||self_service_in,mandatory_free_shipping|||24
604931|||0||||||MLA926219942|||xd_drop_off|||me2||||||self_service_in|||24
604932|||0|||true|||MLA924202738|||cross_docking|||me2|||true|||self_service_in,mandatory_free_shipping|||24
604933|||0|||true|||MLA906312977|||cross_docking|||me2||||||self_service_in,mandatory_free_shipping|||24
604934|||0|||true|||MLA897571244|||cross_docking|||me2||||||self_service_in,mandatory_free_shipping|||24
604935|||0|||true|||MLA1103488831|||xd_drop_off|||me2||||||self_service_in,mandatory_free_shipping|||24
604936|||0||||||MLA900041447|||xd_drop_off|||me2||||||fs_threshold_mla_change_feb2021|||24
604937|||0|||true|||MLA935920533|||xd_drop_off|||me2||||||self_service_in,mandatory_free_shipping|||24
604938|||0|||true|||MLA1103030584|||drop_off|||me2||||||mandatory_free_shipping|||24
604939|||0||||||MLA1105608973|||drop_off|||me2|||||||||24
604940|||0|||true|||MLA932590444|||drop_off|||me2||||||self_service_in,mandatory_free_shipping|||24
604941|||0|||true|||MLA1104832400|||drop_off|||me2||||||mandatory_free_shipping|||24
604942|||0|||true|||MLA925818702|||drop_off|||me2||||||self_service_in,mandatory_free_shipping|||24
604943|||0|||true|||MLA925722071|||drop_off|||me2||||||mandatory_free_shipping|||24
604944|||0|||true|||MLA925923286|||drop_off|||me2||||||mandatory_free_shipping|||24
604945|||0|||true|||MLA925920942|||drop_off|||me2||||||mandatory_free_shipping|||24
604946|||0|||true|||MLA832928928|||cross_docking|||me2||||||self_service_in,mandatory_free_shipping|||24
604947|||0|||true|||MLA927539838|||xd_drop_off|||me2||||||mandatory_free_shipping|||24
604948|||0|||true|||MLA898551713|||cross_docking|||me2||||||mandatory_free_shipping|||24
604949|||0|||true|||MLA1102387640|||cross_docking|||me2||||||mandatory_free_shipping|||24
604950|||0|||true|||MLA898551634|||cross_docking|||me2||||||mandatory_free_shipping|||24
604951|||0||||||MLA929851120|||cross_docking|||me2||||||self_service_in|||24
604952|||0||||||MLA842141813|||cross_docking|||me2||||||self_service_in|||24
604953|||0||||||MLA929015263|||xd_drop_off|||me2|||||||||24
604954|||0|||true|||MLA905645487|||xd_drop_off|||me2||||||mandatory_free_shipping|||24
604955|||0|||true|||MLA886077848|||drop_off|||me2||||||mandatory_free_shipping|||24
604956|||0|||true|||MLA1101319741|||xd_drop_off|||me2|||||||||24
604957|||0||||||MLA865683066|||xd_drop_off|||me2||||||self_service_out|||24
604958|||0|||true|||MLA932432968|||xd_drop_off|||me2||||||self_service_out|||24
604959|||0||||||MLA1101944335|||xd_drop_off|||me2|||||||||24
604960|||0||||||MLA1101521645|||xd_drop_off|||me2|||||||||24
604961|||0|||true|||MLA932431784|||xd_drop_off|||me2||||||self_service_out|||24
604962|||0||||||MLA1100558022|||xd_drop_off|||me2|||||||||24
604963|||0|||true|||MLA930869803|||drop_off|||me2|||||||||24
604964|||0||||||MLA871345867|||drop_off|||me2|||||||||24
604965|||0||||||MLA905766441|||drop_off|||me2|||||||||24
604966|||0||||||MLA881053247|||drop_off|||me2|||||||||24
604967|||0||||||MLA1105835099|||drop_off|||me2|||||||||24
604968|||0||||||MLA935861044|||drop_off|||me2|||||||||24
604969|||0||||||MLA1106407238|||drop_off|||me2|||||||||24
604970|||0||||||MLA934222277|||drop_off|||me2|||||||||24
